040404, 20, 0  
040404, 20, 1  
28ccf2, 100, 2  
04041c, 20, 3  
04041c, 20, 4  
04041c, 20, 5  
040404, 20, 6  
525257, 20, 7  
040404, 20, 8  
040404, 20, 9  
040404, 20, 10  
040404, 20, 11  
040404, 20, 12  
e4ebf1, 100, 13  
040404, 20, 14  
040404, 20, 15  
2c2e34, 20, 16  
625e77, 20, 17  
625d75, 20, 18  
635e75, 20, 19  
635e75, 20, 20  
2e2933, 20, 21  
040404, 20, 22  
040404, 20, 23  
040404, 20, 24  
394341, 20, 25  
394240, 20, 26  
394341, 20, 27  
394341, 20, 28  
3b4541, 20, 29  
dfe1e1, 100, 30  
dcdedd, 100, 31  
dcdede, 100, 32  
dcdede, 100, 33  
0c2023, 20, 34  
3a2b2b, 20, 35  
cccaca, 100, 36  
dbdcdb, 100, 37  
d0d2d1, 100, 38  
040404, 20, 39  
040d17, 20, 40  
04101e, 20, 41  
051424, 20, 42  
051626, 20, 43  
051526, 20, 44  
040c18, 20, 45  
051323, 20, 46  
14384d, 20, 47  
051a2f, 20, 48  
05192d, 20, 49  
05192c, 20, 50  
06192c, 20, 51  
081b2d, 20, 52  
081a29, 20, 53  
081b2b, 20, 54  
0b263d, 20, 55  
071c2c, 20, 56  
071b2b, 20, 57  
081b2b, 20, 58  
10161e, 20, 59  
13161a, 20, 60  
161414, 20, 61  
181515, 20, 62  
2a2633, 20, 63  
302832, 20, 64  
322831, 20, 65  
332931, 20, 66  
302730, 20, 67  
262732, 20, 68  
cd7657, 100, 69  
202531, 20, 70  
454651, 20, 71  
231b17, 20, 72  
231c19, 20, 73  
231b17, 20, 74  
231b18, 20, 75  
231a16, 20, 76  
271711, 20, 77  
044d5a, 20, 78  
095360, 20, 79  
08525f, 20, 80  
0e3a4c, 20, 81  
0b3d4f, 20, 82  
07293c, 20, 83  
052637, 20, 84  
0e1e33, 20, 85  
686588, 20, 86  
071729, 20, 87  
08213a, 20, 88  
d5a47c, 100, 89  
cf9a7d, 100, 90  
242837, 20, 91  
1f273b, 20, 92  
d68f4b, 100, 93  
0d212e, 20, 94  
0d202d, 20, 95  
0d212e, 20, 96  
0b1a2c, 20, 97  
0d83c4, 20, 98  
361d16, 20, 99  
311913, 20, 100  
402116, 20, 101  
412217, 20, 102  
402116, 20, 103  
40231a, 20, 104  
40231b, 20, 105  
3f2018, 20, 106  
653e3b, 20, 107  
321f1f, 20, 108  
372322, 20, 109  
3a2622, 20, 110  
36282b, 20, 111  
36201c, 20, 112  
38201d, 20, 113  
39211c, 20, 114  
311f19, 20, 115  
4a2625, 20, 116  
b8594b, 20, 117  
2d1d18, 20, 118  
66341c, 20, 119  
653d19, 20, 120  
5e4213, 20, 121  
41291c, 20, 122  
3d2017, 20, 123  
351b17, 20, 124  
381c13, 20, 125  
3a1a12, 20, 126  
331610, 20, 127  
d5808c, 100, 128  
b8616f, 20, 129  
bf5e68, 20, 130  
c76571, 100, 131  
bb5b6e, 20, 132  
b9596e, 20, 133  
c16072, 20, 134  
c86674, 100, 135  
c86779, 100, 136  
966139, 20, 137  
925e37, 20, 138  
956037, 20, 139  
966138, 20, 140  
956038, 20, 141  
956138, 20, 142  
301b10, 20, 143  
3e2418, 20, 144  
351f14, 20, 145  
362217, 20, 146  
2c1d13, 20, 147  
472b22, 20, 148  
784b36, 20, 149  
744834, 20, 150  
3f251e, 20, 151  
3f241e, 20, 152  
380d14, 20, 153  
875034, 20, 154  
352014, 20, 155  
450e16, 20, 156  
450e16, 20, 157  
450e16, 20, 158  
450e16, 20, 159  
460e16, 20, 160  
450e16, 20, 161  
470e16, 20, 162  
4b111c, 20, 163  
42121c, 20, 164  
cc8062, 100, 165  
4b161c, 20, 166  
42131c, 20, 167  
73452f, 20, 168  
73452f, 20, 169  
72452f, 20, 170  
73452f, 20, 171  
79563c, 20, 172  
77563b, 20, 173  
74523b, 20, 174  
8e603e, 20, 175  
8e603e, 20, 176  
8e603f, 20, 177  
8f603f, 20, 178  
906140, 20, 179  
8e603f, 20, 180  
8f613f, 20, 181  
8c5f3e, 20, 182  
8e5d3b, 20, 183  
8e5e3c, 20, 184  
8b5c3a, 20, 185  
875738, 20, 186  
855537, 20, 187  
7e5134, 20, 188  
7f5334, 20, 189  
885938, 20, 190  
895a39, 20, 191  
906140, 20, 192  
8f5f3e, 20, 193  
8f613f, 20, 194  
8f613f, 20, 195  
90613f, 20, 196  
906140, 20, 197  
8f613f, 20, 198  
8d5f3e, 20, 199  
b67a5a, 100, 200  
8f3222, 20, 201  
852d20, 20, 202  
852e1f, 20, 203  
101623, 20, 204  
253950, 20, 205  
284965, 20, 206  
384238, 20, 207  
46402f, 20, 208  
1a4145, 20, 209  
41463d, 20, 210  
336371, 20, 211  
1f3a47, 20, 212  
0d2d3f, 20, 213  
112f43, 20, 214  
213b47, 20, 215  
425964, 20, 216  
465d60, 20, 217  
17506a, 20, 218  
0d3b48, 20, 219  
0c3a46, 20, 220  
4c3135, 20, 221  
3e2935, 20, 222  
404f70, 20, 223  
4a5c7e, 20, 224  
114067, 20, 225  
1e2d4a, 20, 226  
1a2f4b, 20, 227  
1b2e4b, 20, 228  
2e2272, 20, 229  
1c1842, 20, 230  
5f78d1, 20, 231  
060b22, 20, 232  
3ca5f1, 100, 233  
507dda, 20, 234  
343c5c, 20, 235  
333d5d, 20, 236  
0a2939, 20, 237  
082f43, 20, 238  
05376c, 20, 239  
202c4a, 20, 240  
38404b, 20, 241  
1f1f34, 20, 242  
562a29, 20, 243  
562720, 20, 244  
492825, 20, 245  
0b243e, 20, 246  
0b1e38, 20, 247  
051d31, 20, 248  
24273d, 20, 249  
382840, 20, 250  
2d1c24, 20, 251  
331d1e, 20, 252  
2f1e22, 20, 253  
210c0b, 20, 254  
0f2048, 20, 255  
123746, 20, 256  
4c2d1f, 20, 257  
112043, 20, 258  
ef8c0a, 100, 259  
ec9122, 100, 260  
241931, 20, 261  
391546, 20, 262  
1e312a, 20, 263  
112943, 20, 264  
112943, 20, 265  
0a392e, 20, 266  
0b3a2e, 20, 267  
102940, 20, 268  
0a2f6f, 20, 269  
18253e, 20, 270  
263e77, 20, 271  
08233d, 20, 272  
0b2c48, 20, 273  
0c2b3f, 20, 274  
0e2b4a, 20, 275  
383879, 20, 276  
9e62c8, 20, 277  
164fb8, 20, 278  
1642a3, 20, 279  
154cad, 20, 280  
152c73, 20, 281  
443d89, 20, 282  
17164b, 20, 283  
16164b, 20, 284  
39130f, 20, 285  
d9a984, 100, 286  
3b0c09, 20, 287  
3d0a06, 20, 288  
3f0a06, 20, 289  
89563a, 20, 290  
8a563a, 20, 291  
844e32, 20, 292  
8c5434, 20, 293  
43191c, 20, 294  
42191b, 20, 295  
321d16, 20, 296  
8a5841, 20, 297  
8f5c45, 20, 298  
82523c, 20, 299  
794628, 20, 300  
724629, 20, 301  
372720, 20, 302  
382922, 20, 303  
3b2a23, 20, 304  
8e5c3b, 20, 305  
87593a, 20, 306  
88593b, 20, 307  
88593b, 20, 308  
bd875b, 100, 309  
c88c5b, 100, 310  
2f231d, 20, 311  
27201d, 20, 312  
bab1aa, 100, 313  
b09e91, 100, 314  
461521, 20, 315  
481420, 20, 316  
471420, 20, 317  
411622, 20, 318  
411521, 20, 319  
411520, 20, 320  
3a151e, 20, 321  
3a151d, 20, 322  
dc5b52, 100, 323  
411522, 20, 324  
411522, 20, 325  
3e151f, 20, 326  
3f1521, 20, 327  
3f1521, 20, 328  
dc5c54, 100, 329  
472027, 20, 330  
471f26, 20, 331  
4c2026, 20, 332  
361a20, 20, 333  
30171f, 20, 334  
371920, 20, 335  
996240, 20, 336  
9c6340, 20, 337  
9b623f, 20, 338  
985f3c, 20, 339  
98603d, 20, 340  
98603d, 20, 341  
98603d, 20, 342  
8e5745, 20, 343  
b57042, 20, 344  
b67042, 20, 345  
b26c3f, 20, 346  
7e4a2e, 20, 347  
834e31, 20, 348  
342725, 20, 349  
b87449, 100, 350  
372825, 20, 351  
875a3c, 20, 352  
895b3d, 20, 353  
895c3d, 20, 354  
875a3c, 20, 355  
431c29, 20, 356  
421c28, 20, 357  
720e1c, 20, 358  
470915, 20, 359  
4b0d16, 20, 360  
400b12, 20, 361  
430b16, 20, 362  
450b17, 20, 363  
410915, 20, 364  
420915, 20, 365  
410915, 20, 366  
420915, 20, 367  
420915, 20, 368  
3e0914, 20, 369  
3d0814, 20, 370  
420915, 20, 371  
410915, 20, 372  
430815, 20, 373  
360b14, 20, 374  
360e15, 20, 375  
360d15, 20, 376  
360d15, 20, 377  
360d15, 20, 378  
350d15, 20, 379  
e09c6f, 100, 380  
e19f71, 100, 381  
e59157, 100, 382  
e18e58, 100, 383  
e18e58, 100, 384  
e18e58, 100, 385  
e18e59, 100, 386  
2c2b2e, 20, 387  
1b252d, 20, 388  
1a242c, 20, 389  
1c272f, 20, 390  
1b242c, 20, 391  
1b242c, 20, 392  
1d252e, 20, 393  
1d262e, 20, 394  
1e2730, 20, 395  
1e2830, 20, 396  
1b252d, 20, 397  
1b252d, 20, 398  
1b242c, 20, 399  
1b242c, 20, 400  
1b242c, 20, 401  
1a242c, 20, 402  
1b1e27, 20, 403  
1b1f28, 20, 404  
1c1c22, 20, 405  
181920, 20, 406  
c68363, 100, 407  
c68464, 100, 408  
c57d5b, 100, 409  
c57f5d, 100, 410  
bf7a59, 100, 411  
1f2e3a, 20, 412  
8b5847, 20, 413  
7b533e, 20, 414  
cd8864, 100, 415  
d08965, 100, 416  
ae6247, 20, 417  
ad6146, 20, 418  
925037, 20, 419  
af6247, 20, 420  
955139, 20, 421  
1b262f, 20, 422  
1b262f, 20, 423  
c67e5d, 100, 424  
1a2832, 20, 425  
1a2833, 20, 426  
1a2833, 20, 427  
c48263, 100, 428  
c58262, 100, 429  
1c2732, 20, 430  
1b2530, 20, 431  
1b2632, 20, 432  
1b2632, 20, 433  
1b2632, 20, 434  
1b2631, 20, 435  
82431f, 20, 436  
8a4720, 20, 437  
1c2733, 20, 438  
1e242e, 20, 439  
1b2531, 20, 440  
1c2632, 20, 441  
1b2530, 20, 442  
d18662, 100, 443  
2b2c34, 20, 444  
2a2c34, 20, 445  
1f2c38, 20, 446  
2a2c34, 20, 447  
2a2c34, 20, 448  
2a2c34, 20, 449  
2a2c34, 20, 450  
1f2b37, 20, 451  
2a2c34, 20, 452  
1f2b38, 20, 453  
d87f5d, 100, 454  
d8805d, 100, 455  
d67e5b, 100, 456  
d7815f, 100, 457  
d98360, 100, 458  
d78463, 100, 459  
dc8260, 100, 460  
db825f, 100, 461  
d88362, 100, 462  
df7f59, 100, 463  
d97e5a, 100, 464  
db7e5a, 100, 465  
dc7e59, 100, 466  
dc7c57, 100, 467  
dc7c57, 100, 468  
24262d, 20, 469  
e48560, 100, 470  
25262c, 20, 471  
27262b, 20, 472  
653d31, 20, 473  
663d30, 20, 474  
683e32, 20, 475  
6c4134, 20, 476  
7c573f, 20, 477  
7b563f, 20, 478  
7c563f, 20, 479  
80593f, 20, 480  
7c563e, 20, 481  
79543d, 20, 482  
74503a, 20, 483  
75503b, 20, 484  
75503b, 20, 485  
74503b, 20, 486  
74503b, 20, 487  
7e573f, 20, 488  
7c553e, 20, 489  
7c553e, 20, 490  
78533c, 20, 491  
221914, 20, 492  
1e1813, 20, 493  
b67b58, 100, 494  
be8164, 100, 495  
794e32, 20, 496  
7a4e32, 20, 497  
7a4e33, 20, 498  
7b4f33, 20, 499  
7b4f33, 20, 500  
7b4f33, 20, 501  
7b4f33, 20, 502  
7c4f32, 20, 503  
7d5136, 20, 504  
7c5036, 20, 505  
7c5036, 20, 506  
83573f, 20, 507  
845840, 20, 508  
83573f, 20, 509  
84583f, 20, 510  
84583f, 20, 511  
84583f, 20, 512  
845840, 20, 513  
7c4d35, 20, 514  
7b4c35, 20, 515  
8a553c, 20, 516  
885139, 20, 517  
7c4933, 20, 518  
3c241b, 20, 519  
8e553b, 20, 520  
8a5239, 20, 521  
8a5239, 20, 522  
7c4932, 20, 523  
8e553b, 20, 524  
7f4b34, 20, 525  
8f563c, 20, 526  
90593f, 20, 527  
bd8863, 100, 528  
bb8762, 100, 529  
784d35, 20, 530  
442a1d, 20, 531  
422a1d, 20, 532  
764a33, 20, 533  
734831, 20, 534  
744932, 20, 535  
744932, 20, 536  
87563b, 20, 537  
af7e5d, 100, 538  
b58360, 100, 539  
b27e5e, 100, 540  
86593f, 20, 541  
875a40, 20, 542  
875a3f, 20, 543  
87593f, 20, 544  
86593f, 20, 545  
87593f, 20, 546  
87593f, 20, 547  
86593f, 20, 548  
875a40, 20, 549  
885a40, 20, 550  
885a40, 20, 551  
86583f, 20, 552  
85583f, 20, 553  
875b3f, 20, 554  
86583e, 20, 555  
86593f, 20, 556  
86583f, 20, 557  
875a3f, 20, 558  
875a3f, 20, 559  
86583d, 20, 560  
885b40, 20, 561  
7e5237, 20, 562  
896044, 20, 563  
b0835b, 100, 564  
81543b, 20, 565  
754d34, 20, 566  
7e573c, 20, 567  
3f322a, 20, 568  
40322a, 20, 569  
8c613f, 20, 570  
885d3d, 20, 571  
835739, 20, 572  
805538, 20, 573  
825738, 20, 574  
472819, 20, 575  
462718, 20, 576  
462718, 20, 577  
462719, 20, 578  
472819, 20, 579  
462719, 20, 580  
462818, 20, 581  
472818, 20, 582  
472819, 20, 583  
232219, 20, 584  
232119, 20, 585  
232119, 20, 586  
232018, 20, 587  
231f18, 20, 588  
231f18, 20, 589  
232119, 20, 590  
232119, 20, 591  
1f221a, 20, 592  
14231d, 20, 593  
1c221c, 20, 594  
1d231c, 20, 595  
1d221b, 20, 596  
18211d, 20, 597  
1a3124, 20, 598  
203126, 20, 599  
2a1f1d, 20, 600  
222124, 20, 601  
511920, 20, 602  
491b1e, 20, 603  
4c1f1f, 20, 604  
17201c, 20, 605  
161f1b, 20, 606  
17211c, 20, 607  
1b1e1a, 20, 608  
1c1d19, 20, 609  
182820, 20, 610  
381a1a, 20, 611  
4c0f14, 20, 612  
480c11, 20, 613  
5d1411, 20, 614  
5f1714, 20, 615  
845847, 20, 616  
9a7762, 20, 617  
4f0c0b, 20, 618  
4f0c0c, 20, 619  
4f0c0c, 20, 620  
4e0b0b, 20, 621  
4c0c0c, 20, 622  
4c0c0c, 20, 623  
4e0b0a, 20, 624  
4e0c0c, 20, 625  
4b0808, 20, 626  
490809, 20, 627  
4a0808, 20, 628  
490809, 20, 629  
490809, 20, 630  
590a09, 20, 631  
490809, 20, 632  
4c0708, 20, 633  
580707, 20, 634  
4b0808, 20, 635  
590706, 20, 636  
580606, 20, 637  
5b0706, 20, 638  
5c0808, 20, 639  
5d0808, 20, 640  
d5cccf, 100, 641  
463e29, 20, 642  
463d28, 20, 643  
cb7326, 100, 644  
785e31, 20, 645  
785e32, 20, 646  
0c365e, 20, 647  
a49095, 100, 648  
550706, 20, 649  
520707, 20, 650  
560707, 20, 651  
530a14, 20, 652  
460d0c, 20, 653  
470d0c, 20, 654  
460d0c, 20, 655  
450d0c, 20, 656  
480c0b, 20, 657  
490c0b, 20, 658  
4a0d0d, 20, 659  
4a0c0d, 20, 660  
4a0c0d, 20, 661  
460d0d, 20, 662  
450d0d, 20, 663  
5f090a, 20, 664  
5f0607, 20, 665  
600606, 20, 666  
600606, 20, 667  
5e0808, 20, 668  
63050f, 20, 669  
5d0506, 20, 670  
5e0607, 20, 671  
5d0507, 20, 672  
5d0607, 20, 673  
5d0608, 20, 674  
60070c, 20, 675  
291513, 20, 676  
251513, 20, 677  
1e1714, 20, 678  
261513, 20, 679  
5b0c0b, 20, 680  
5f0809, 20, 681  
600808, 20, 682  
5f0708, 20, 683  
5f0808, 20, 684  
5f0808, 20, 685  
5e0909, 20, 686  
5d0808, 20, 687  
5d0706, 20, 688  
06120f, 20, 689  
1c0b0d, 20, 690  
1b0b0e, 20, 691  
5e0807, 20, 692  
5e0807, 20, 693  
61100f, 20, 694  
5f0f10, 20, 695  
5f0e0e, 20, 696  
620d0c, 20, 697  
630b0a, 20, 698  
630c0b, 20, 699  
630c0b, 20, 700  
600b0b, 20, 701  
600c0b, 20, 702  
611311, 20, 703  
611412, 20, 704  
650d0c, 20, 705  
640e0d, 20, 706  
650d0c, 20, 707  
640d0c, 20, 708  
630e0e, 20, 709  
630e0d, 20, 710  
5f0807, 20, 711  
5f0807, 20, 712  
5f0807, 20, 713  
59090a, 20, 714  
590909, 20, 715  
590908, 20, 716  
590909, 20, 717  
590909, 20, 718  
590909, 20, 719  
520909, 20, 720  
510909, 20, 721  
510909, 20, 722  
500909, 20, 723  
5f0907, 20, 724  
600807, 20, 725  
600a08, 20, 726  
5c0505, 20, 727  
483b3a, 20, 728  
431e18, 20, 729  
441e18, 20, 730  
3c2c1f, 20, 731  
3c2c1f, 20, 732  
302a22, 20, 733  
2f2a22, 20, 734  
211b1a, 20, 735  
211b1a, 20, 736  
1d1716, 20, 737  
1c1615, 20, 738  
f0775b, 100, 739  
e5a57b, 100, 740  
cda279, 100, 741  
221d17, 20, 742  
322620, 20, 743  
d3c1ad, 100, 744  
282018, 20, 745  
282118, 20, 746  
292119, 20, 747  
221a18, 20, 748  
241e1f, 20, 749  
201816, 20, 750  
1e1614, 20, 751  
1a1311, 20, 752  
1a1312, 20, 753  
1b1312, 20, 754  
d1715b, 100, 755  
d3715a, 100, 756  
d3715a, 100, 757  
d3715a, 100, 758  
d3715a, 100, 759  
d3705a, 100, 760  
d4715a, 100, 761  
d3715b, 100, 762  
241f1e, 20, 763  
221a17, 20, 764  
221a17, 20, 765  
221a17, 20, 766  
211a1c, 20, 767  
20181a, 20, 768  
21191a, 20, 769  
1f1819, 20, 770  
1f1718, 20, 771  
20181a, 20, 772  
1f1818, 20, 773  
1f1819, 20, 774  
e55b5f, 100, 775  
e35e61, 100, 776  
e35d60, 100, 777  
e55c5f, 100, 778  
e55a5e, 100, 779  
e55a5e, 100, 780  
cd0a2a, 20, 781  
cd0c2b, 20, 782  
ce0b2b, 20, 783  
cd0b2b, 20, 784  
cd0c2b, 20, 785  
ce0a2b, 20, 786  
cd0e2c, 20, 787  
ce0e2b, 20, 788  
ce0b2b, 20, 789  
cd0b2b, 20, 790  
221916, 20, 791  
201715, 20, 792  
b8132d, 20, 793  
c0112d, 20, 794  
c0102c, 20, 795  
261819, 20, 796  
bb102c, 20, 797  
bb102b, 20, 798  
cca79e, 100, 799  
1a1316, 20, 800  
cea99f, 100, 801  
cea9a0, 100, 802  
1b191d, 20, 803  
b2797c, 100, 804  
c9a49a, 100, 805  
341e10, 20, 806  
3e231a, 20, 807  
ec494d, 20, 808  
3d241c, 20, 809  
3d2921, 20, 810  
3d2620, 20, 811  
3d2721, 20, 812  
1f1817, 20, 813  
c3192f, 20, 814  
c2162e, 20, 815  
c1152e, 20, 816  
c2132d, 20, 817  
c2152e, 20, 818  
c41a30, 20, 819  
271413, 20, 820  
251312, 20, 821  
271413, 20, 822  
271413, 20, 823  
271413, 20, 824  
2b211c, 20, 825  
2c2220, 20, 826  
2a211f, 20, 827  
191313, 20, 828  
181213, 20, 829  
1e1613, 20, 830  
1e1514, 20, 831  
1e1513, 20, 832  
1f1713, 20, 833  
96142a, 20, 834  
ac132c, 20, 835  
95132a, 20, 836  
97142a, 20, 837  
96132a, 20, 838  
3d271f, 20, 839  
4b0d0d, 20, 840  
641ba6, 20, 841  
252834, 20, 842  
282a38, 20, 843  
293447, 20, 844  
2b2b3e, 20, 845  
1b2c42, 20, 846  
13172a, 20, 847  
ca45a5, 20, 848  
183b52, 20, 849  
c8bcca, 100, 850  
35576e, 20, 851  
c2ddb6, 100, 852  
31212f, 20, 853  
571785, 20, 854  
cfada0, 100, 855  
154f4a, 20, 856  
1784a9, 20, 857  
146fa1, 20, 858  
1393ad, 20, 859  
0977a7, 20, 860  
cfccc4, 100, 861  
0f334a, 20, 862  
cff8fb, 100, 863  
058bdb, 20, 864  
1496b1, 20, 865  
0b759a, 20, 866  
0a98db, 20, 867  
078ec9, 20, 868  
0694c6, 20, 869  
c1a6ad, 100, 870  
165192, 20, 871  
104f8b, 20, 872  
16598b, 20, 873  
093d61, 20, 874  
062745, 20, 875  
10b9df, 100, 876  
0c75b1, 20, 877  
322138, 20, 878  
1c2c30, 20, 879  
2a2f34, 20, 880  
0a4f94, 20, 881  
0c6faa, 20, 882  
195688, 20, 883  
278fa6, 20, 884  
1f5984, 20, 885  
0a435a, 20, 886  
2d251f, 20, 887  
2e201c, 20, 888  
2e1f1b, 20, 889  
0d88b3, 20, 890  
0968a4, 20, 891  
145677, 20, 892  
137799, 20, 893  
11485f, 20, 894  
0c455c, 20, 895  
174b5c, 20, 896  
b69cbe, 100, 897  
b294b8, 100, 898  
b9bbe7, 100, 899  
96b8df, 100, 900  
0d5d78, 20, 901  
094e6a, 20, 902  
0e546e, 20, 903  
0e5b75, 20, 904  
0a4e72, 20, 905  
104763, 20, 906  
095c78, 20, 907  
1087a5, 20, 908  
0d394d, 20, 909  
1b334d, 20, 910  
142545, 20, 911  
0b3c52, 20, 912  
0f304d, 20, 913  
0d3a4d, 20, 914  
1a334c, 20, 915  
142948, 20, 916  
0b4055, 20, 917  
114262, 20, 918  
165373, 20, 919  
138095, 20, 920  
175170, 20, 921  
185f7f, 20, 922  
78cbcc, 100, 923  
06213a, 20, 924  
15bfa5, 100, 925  
44bcca, 100, 926  
0a7dab, 20, 927  
1ba8c9, 100, 928  
b6a5b9, 100, 929  
b8b1bc, 100, 930  
c3b6c5, 100, 931  
dfb193, 100, 932  
e2b391, 100, 933  
374842, 20, 934  
deab8b, 100, 935  
364946, 20, 936  
144635, 20, 937  
22403a, 20, 938  
334f46, 20, 939  
0d423f, 20, 940  
3d4f47, 20, 941  
d0b8a3, 100, 942  
204838, 20, 943  
435041, 20, 944  
cfb69f, 100, 945  
374a42, 20, 946  
d1b8a1, 100, 947  
20674b, 20, 948  
0e0d07, 20, 949  
1d150a, 20, 950  
1e160a, 20, 951  
1e1509, 20, 952  
2c220f, 20, 953  
2d2310, 20, 954  
2e2011, 20, 955  
322011, 20, 956  
352212, 20, 957  
3a2a09, 20, 958  
392809, 20, 959  
38270a, 20, 960  
36240c, 20, 961  
35240c, 20, 962  
352515, 20, 963  
34240d, 20, 964  
35240c, 20, 965  
33230d, 20, 966  
33220a, 20, 967  
332309, 20, 968  
312208, 20, 969  
342308, 20, 970  
352208, 20, 971  
ad8016, 100, 972  
1b1604, 20, 973  
2b2307, 20, 974  
1c1604, 20, 975  
1d1804, 20, 976  
1f1408, 20, 977  
0e0805, 20, 978  
0e0905, 20, 979  
1d150c, 20, 980  
3f2614, 20, 981  
241913, 20, 982  
231913, 20, 983  
241e13, 20, 984  
261f13, 20, 985  
301c0e, 20, 986  
131d21, 20, 987  
ba7212, 20, 988  
1c1b0f, 20, 989  
352008, 20, 990  
141f1e, 20, 991  
161f1e, 20, 992  
13221d, 20, 993  
14191a, 20, 994  
161d1c, 20, 995  
181f1d, 20, 996  
181f1d, 20, 997  
121d1d, 20, 998  
1b1e1b, 20, 999  
1c1c19, 20, 1000  
1c1e1a, 20, 1001  
1b231b, 20, 1002  
1b261a, 20, 1003  
17201a, 20, 1004  
161f19, 20, 1005  
172019, 20, 1006  
182019, 20, 1007  
161f18, 20, 1008  
2c300e, 20, 1009  
2b2e0d, 20, 1010  
21291a, 20, 1011  
57d327, 100, 1012  
382b13, 20, 1013  
322913, 20, 1014  
302813, 20, 1015  
311907, 20, 1016  
311907, 20, 1017  
301907, 20, 1018  
2f301b, 20, 1019  
2c2e1a, 20, 1020  
2d3517, 20, 1021  
2e3017, 20, 1022  
ce7c2c, 100, 1023  
ce7b2b, 100, 1024  
e35d35, 100, 1025  
31120c, 20, 1026  
d96422, 20, 1027  
261710, 20, 1028  
792242, 20, 1029  
1a1811, 20, 1030  
19170f, 20, 1031  
1a1811, 20, 1032  
1c180f, 20, 1033  
1d190f, 20, 1034  
1d180f, 20, 1035  
1d180e, 20, 1036  
292315, 20, 1037  
2b2415, 20, 1038  
2a2415, 20, 1039  
292415, 20, 1040  
292415, 20, 1041  
3b230b, 20, 1042  
321a08, 20, 1043  
de7b65, 100, 1044  
e48b74, 100, 1045  
43280d, 20, 1046  
1b1d13, 20, 1047  
1b1d13, 20, 1048  
1b1e13, 20, 1049  
1b1d13, 20, 1050  
312c1a, 20, 1051  
322d1a, 20, 1052  
822f20, 20, 1053  
7e3422, 20, 1054  
ca3a23, 20, 1055  
37270d, 20, 1056  
282a1b, 20, 1057  
282a1b, 20, 1058  
282b1b, 20, 1059  
282a1b, 20, 1060  
282b1b, 20, 1061  
282b1b, 20, 1062  
262a1b, 20, 1063  
262a1b, 20, 1064  
262a1b, 20, 1065  
262a1b, 20, 1066  
302f15, 20, 1067  
24281b, 20, 1068  
272b1b, 20, 1069  
292b1a, 20, 1070  
292c1c, 20, 1071  
29381e, 20, 1072  
273019, 20, 1073  
524a2b, 20, 1074  
232416, 20, 1075  
252e22, 20, 1076  
c77120, 100, 1077  
7b4a19, 20, 1078  
382714, 20, 1079  
363708, 20, 1080  
3a2211, 20, 1081  
2a160b, 20, 1082  
100a05, 20, 1083  
2d1e05, 20, 1084  
15160a, 20, 1085  
19170a, 20, 1086  
141108, 20, 1087  
21190e, 20, 1088  
261d10, 20, 1089  
2e3232, 20, 1090  
232c32, 20, 1091  
223034, 20, 1092  
262637, 20, 1093  
12202a, 20, 1094  
0f2a27, 20, 1095  
c07d9f, 100, 1096  
132f3a, 20, 1097  
152b3a, 20, 1098  
053636, 20, 1099  
064a38, 20, 1100  
0d9697, 20, 1101  
0f2b25, 20, 1102  
9262ab, 20, 1103  
1d1c27, 20, 1104  
1d1c27, 20, 1105  
1d1c28, 20, 1106  
1f1221, 20, 1107  
1f1221, 20, 1108  
211425, 20, 1109  
221425, 20, 1110  
211324, 20, 1111  
201324, 20, 1112  
381d31, 20, 1113  
371e2f, 20, 1114  
3c2133, 20, 1115  
3f2335, 20, 1116  
311b1b, 20, 1117  
653829, 20, 1118  
40221b, 20, 1119  
0e1723, 20, 1120  
121b2a, 20, 1121  
121b2a, 20, 1122  
0a0b0f, 20, 1123  
08111d, 20, 1124  
0b121c, 20, 1125  
0d121b, 20, 1126  
0c131b, 20, 1127  
131007, 20, 1128  
1d150b, 20, 1129  
17150d, 20, 1130  
17150d, 20, 1131  
1b160e, 20, 1132  
19150d, 20, 1133  
19150d, 20, 1134  
17130d, 20, 1135  
301b16, 20, 1136  
19140c, 20, 1137  
19140d, 20, 1138  
19140d, 20, 1139  
1b140d, 20, 1140  
251e0e, 20, 1141  
251f0f, 20, 1142  
27210f, 20, 1143  
20150e, 20, 1144  
231610, 20, 1145  
241d0b, 20, 1146  
251d0c, 20, 1147  
241d0b, 20, 1148  
231f0b, 20, 1149  
121205, 20, 1150  
100c05, 20, 1151  
18100e, 20, 1152  
29210d, 20, 1153  
271f0b, 20, 1154  
322a10, 20, 1155  
302a10, 20, 1156  
2e260d, 20, 1157  
30290d, 20, 1158  
211213, 20, 1159  
221213, 20, 1160  
2d210d, 20, 1161  
2d210d, 20, 1162  
2d220d, 20, 1163  
312411, 20, 1164  
332712, 20, 1165  
342612, 20, 1166  
362712, 20, 1167  
342612, 20, 1168  
2b200b, 20, 1169  
29200a, 20, 1170  
32250d, 20, 1171  
2f2a0c, 20, 1172  
2f230b, 20, 1173  
332815, 20, 1174  
342a15, 20, 1175  
302a15, 20, 1176  
2f2b16, 20, 1177  
2f2b15, 20, 1178  
2f2a15, 20, 1179  
2e2a15, 20, 1180  
2e2615, 20, 1181  
2e2314, 20, 1182  
302a14, 20, 1183  
2e2714, 20, 1184  
302715, 20, 1185  
2f2614, 20, 1186  
2d2614, 20, 1187  
2d2614, 20, 1188  
2f2514, 20, 1189  
2e2614, 20, 1190  
2e2615, 20, 1191  
271d19, 20, 1192  
2b2212, 20, 1193  
2c2213, 20, 1194  
1e1a14, 20, 1195  
1f1a14, 20, 1196  
37260e, 20, 1197  
30210b, 20, 1198  
302308, 20, 1199  
2b1f09, 20, 1200  
2b1f09, 20, 1201  
2d2009, 20, 1202  
3b2827, 20, 1203  
2d1e1a, 20, 1204  
2d1e19, 20, 1205  
34211b, 20, 1206  
34231c, 20, 1207  
32211c, 20, 1208  
34221d, 20, 1209  
51301e, 20, 1210  
41251a, 20, 1211  
2a2523, 20, 1212  
232819, 20, 1213  
3c3b32, 20, 1214  
0c3034, 20, 1215  
261b19, 20, 1216  
382421, 20, 1217  
372520, 20, 1218  
362422, 20, 1219  
262626, 20, 1220  
422315, 20, 1221  
43251a, 20, 1222  
412417, 20, 1223  
3b2116, 20, 1224  
402419, 20, 1225  
442319, 20, 1226  
293125, 20, 1227  
262227, 20, 1228  
262026, 20, 1229  
272025, 20, 1230  
272026, 20, 1231  
272127, 20, 1232  
262027, 20, 1233  
262127, 20, 1234  
281f23, 20, 1235  
281f25, 20, 1236  
291f25, 20, 1237  
292025, 20, 1238  
232724, 20, 1239  
222724, 20, 1240  
1f2724, 20, 1241  
222724, 20, 1242  
47271b, 20, 1243  
452516, 20, 1244  
32282c, 20, 1245  
3b2220, 20, 1246  
301c1e, 20, 1247  
182032, 20, 1248  
282122, 20, 1249  
402818, 20, 1250  
432919, 20, 1251  
2c2025, 20, 1252  
161815, 20, 1253  
1c1b1a, 20, 1254  
391b0c, 20, 1255  
371a0c, 20, 1256  
3b1d0f, 20, 1257  
332018, 20, 1258  
332018, 20, 1259  
152732, 20, 1260  
162632, 20, 1261  
422518, 20, 1262  
3d2c1e, 20, 1263  
474327, 20, 1264  
362913, 20, 1265  
372a15, 20, 1266  
3f3415, 20, 1267  
382c12, 20, 1268  
3b3011, 20, 1269  
49431a, 20, 1270  
36b710, 20, 1271  
2cc70f, 100, 1272  
3bc60d, 100, 1273  
30201c, 20, 1274  
321c17, 20, 1275  
241b19, 20, 1276  
31221a, 20, 1277  
211614, 20, 1278  
32211e, 20, 1279  
302322, 20, 1280  
2a1f1e, 20, 1281  
2e231f, 20, 1282  
2a2220, 20, 1283  
271f21, 20, 1284  
501e09, 20, 1285  
501e09, 20, 1286  
201a1d, 20, 1287  
221a1d, 20, 1288  
2a201e, 20, 1289  
2a1f1e, 20, 1290  
412621, 20, 1291  
4b2218, 20, 1292  
622416, 20, 1293  
301612, 20, 1294  
331e1d, 20, 1295  
261b1c, 20, 1296  
261b1c, 20, 1297  
21151d, 20, 1298  
20191f, 20, 1299  
e42b28, 20, 1300  
0a0404, 20, 1301  
d01e1e, 20, 1302  
cf201d, 20, 1303  
4d1d08, 20, 1304  
4e1d08, 20, 1305  
4e1d08, 20, 1306  
4e1d08, 20, 1307  
4e1e08, 20, 1308  
4e1d08, 20, 1309  
371e11, 20, 1310  
351c0e, 20, 1311  
3d2215, 20, 1312  
302113, 20, 1313  
2d1e1d, 20, 1314  
c28449, 100, 1315  
2b1b13, 20, 1316  
2e1a13, 20, 1317  
2a1811, 20, 1318  
2a1911, 20, 1319  
3e2c1a, 20, 1320  
44301c, 20, 1321  
23211d, 20, 1322  
2d2015, 20, 1323  
332015, 20, 1324  
32211e, 20, 1325  
3f211a, 20, 1326  
3f211c, 20, 1327  
3d201b, 20, 1328  
241919, 20, 1329  
251a19, 20, 1330  
6f1a0d, 20, 1331  
ca4290, 20, 1332  
272426, 20, 1333  
1c2230, 20, 1334  
0f2530, 20, 1335  
24253a, 20, 1336  
192238, 20, 1337  
3a221c, 20, 1338  
3b2b27, 20, 1339  
383123, 20, 1340  
3f281c, 20, 1341  
402b1c, 20, 1342  
322c27, 20, 1343  
462d1b, 20, 1344  
482919, 20, 1345  
39362c, 20, 1346  
293247, 20, 1347  
0a2538, 20, 1348  
0a2538, 20, 1349  
0a2538, 20, 1350  
43271c, 20, 1351  
132135, 20, 1352  
06305b, 20, 1353  
072f59, 20, 1354  
0a2e54, 20, 1355  
283a58, 20, 1356  
232e47, 20, 1357  
bfa5ba, 100, 1358  
163759, 20, 1359  
04335a, 20, 1360  
102a3f, 20, 1361  
122d3d, 20, 1362  
122b3d, 20, 1363  
17303a, 20, 1364  
142739, 20, 1365  
0b1e33, 20, 1366  
0b1f34, 20, 1367  
aa9a87, 100, 1368  
ac9882, 100, 1369  
332823, 20, 1370  
322823, 20, 1371  
332723, 20, 1372  
d09362, 100, 1373  
322621, 20, 1374  
342a25, 20, 1375  
d29666, 100, 1376  
d19666, 100, 1377  
2e1e15, 20, 1378  
346c6d, 20, 1379  
248180, 20, 1380  
1d1821, 20, 1381  
1c1e2b, 20, 1382  
141e2e, 20, 1383  
112032, 20, 1384  
0f1e30, 20, 1385  
0f1e2d, 20, 1386  
1a263b, 20, 1387  
192335, 20, 1388  
121f2d, 20, 1389  
121e2d, 20, 1390  
141f2d, 20, 1391  
111f30, 20, 1392  
121f32, 20, 1393  
122030, 20, 1394  
132131, 20, 1395  
112840, 20, 1396  
122d47, 20, 1397  
1d2639, 20, 1398  
1c2538, 20, 1399  
1d2639, 20, 1400  
1d2639, 20, 1401  
1c2638, 20, 1402  
1d2638, 20, 1403  
102841, 20, 1404  
112841, 20, 1405  
1e1e26, 20, 1406  
1f1f26, 20, 1407  
1d1e25, 20, 1408  
1e1e25, 20, 1409  
1e1e25, 20, 1410  
1d1e25, 20, 1411  
1f1e25, 20, 1412  
1d1e25, 20, 1413  
0b1c2f, 20, 1414  
0b1c2e, 20, 1415  
0c2135, 20, 1416  
0d2a47, 20, 1417  
1e2944, 20, 1418  
272a3a, 20, 1419  
272a3a, 20, 1420  
272a3a, 20, 1421  
272a3a, 20, 1422  
272a3a, 20, 1423  
272b3a, 20, 1424  
252838, 20, 1425  
0e1824, 20, 1426  
151b25, 20, 1427  
212228, 20, 1428  
222835, 20, 1429  
27252a, 20, 1430  
23212c, 20, 1431  
23222e, 20, 1432  
04060e, 20, 1433  
101c2b, 20, 1434  
0f1b29, 20, 1435  
102838, 20, 1436  
0f2230, 20, 1437  
0f1e2a, 20, 1438  
1e1624, 20, 1439  
1a1924, 20, 1440  
1c1b26, 20, 1441  
221f2c, 20, 1442  
112839, 20, 1443  
162a39, 20, 1444  
0b273c, 20, 1445  
0b263b, 20, 1446  
152837, 20, 1447  
0c2535, 20, 1448  
1c1b25, 20, 1449  
1d1b24, 20, 1450  
1f1f29, 20, 1451  
21202e, 20, 1452  
2c1717, 20, 1453  
c9704d, 100, 1454  
412521, 20, 1455  
492a25, 20, 1456  
432622, 20, 1457  
3e231f, 20, 1458  
3e2420, 20, 1459  
3e2420, 20, 1460  
3f2420, 20, 1461  
492924, 20, 1462  
4a2a25, 20, 1463  
71452d, 20, 1464  
4a2b21, 20, 1465  
482e1e, 20, 1466  
4a2f1e, 20, 1467  
4a2f1e, 20, 1468  
72462d, 20, 1469  
73472d, 20, 1470  
4c2d21, 20, 1471  
47291f, 20, 1472  
472b21, 20, 1473  
171926, 20, 1474  
171a27, 20, 1475  
1a1b28, 20, 1476  
171a26, 20, 1477  
1a1b27, 20, 1478  
1a1b27, 20, 1479  
14171e, 20, 1480  
14171f, 20, 1481  
151820, 20, 1482  
151820, 20, 1483  
171620, 20, 1484  
171620, 20, 1485  
17151f, 20, 1486  
16161f, 20, 1487  
161620, 20, 1488  
171720, 20, 1489  
171821, 20, 1490  
142231, 20, 1491  
1e1c23, 20, 1492  
1f1c23, 20, 1493  
1f1c23, 20, 1494  
1f1c23, 20, 1495  
e08f4f, 100, 1496  
e1904f, 100, 1497  
1b2129, 20, 1498  
1c2129, 20, 1499  
1b2129, 20, 1500  
1b2129, 20, 1501  
1c2129, 20, 1502  
1d2128, 20, 1503  
1e222b, 20, 1504  
1d212b, 20, 1505  
1d212a, 20, 1506  
23212c, 20, 1507  
221f29, 20, 1508  
140f17, 20, 1509  
130e16, 20, 1510  
19131d, 20, 1511  
11222b, 20, 1512  
11222b, 20, 1513  
11232e, 20, 1514  
203928, 20, 1515  
092235, 20, 1516  
092336, 20, 1517  
0e1d2c, 20, 1518  
042339, 20, 1519  
21222f, 20, 1520  
20202b, 20, 1521  
1d1f2b, 20, 1522  
1f2124, 20, 1523  
202224, 20, 1524  
202225, 20, 1525  
1c2030, 20, 1526  
1b1f30, 20, 1527  
1b1f30, 20, 1528  
1b2030, 20, 1529  
20222a, 20, 1530  
1f212a, 20, 1531  
232a2f, 20, 1532  
22252b, 20, 1533  
22252a, 20, 1534  
152330, 20, 1535  
1c212c, 20, 1536  
1d212d, 20, 1537  
231f23, 20, 1538  
241f23, 20, 1539  
221d22, 20, 1540  
221d22, 20, 1541  
211c22, 20, 1542  
231e22, 20, 1543  
282123, 20, 1544  
251f29, 20, 1545  
252029, 20, 1546  
252029, 20, 1547  
252029, 20, 1548  
252029, 20, 1549  
252029, 20, 1550  
242029, 20, 1551  
29222b, 20, 1552  
0f1929, 20, 1553  
1a1c22, 20, 1554  
151a22, 20, 1555  
151a22, 20, 1556  
dd9663, 100, 1557  
dd9664, 100, 1558  
dd9664, 100, 1559  
16151c, 20, 1560  
16161c, 20, 1561  
262326, 20, 1562  
262326, 20, 1563  
242226, 20, 1564  
262427, 20, 1565  
292527, 20, 1566  
1e1d24, 20, 1567  
151e2d, 20, 1568  
161e2d, 20, 1569  
161f2d, 20, 1570  
161f2d, 20, 1571  
161f2d, 20, 1572  
161f2d, 20, 1573  
171f2d, 20, 1574  
161e2d, 20, 1575  
151e2c, 20, 1576  
141f2e, 20, 1577  
161f2d, 20, 1578  
151f2d, 20, 1579  
141e2d, 20, 1580  
17171f, 20, 1581  
17171f, 20, 1582  
171720, 20, 1583  
17171f, 20, 1584  
171720, 20, 1585  
171720, 20, 1586  
17171f, 20, 1587  
17171f, 20, 1588  
17171f, 20, 1589  
17171f, 20, 1590  
141e2e, 20, 1591  
161e2d, 20, 1592  
171f2d, 20, 1593  
141f30, 20, 1594  
131f30, 20, 1595  
141f2f, 20, 1596  
131f30, 20, 1597  
3a250c, 20, 1598  
e2ad60, 100, 1599  
e0ab5f, 100, 1600  
e1ad62, 100, 1601  
cc8b3f, 100, 1602  
1c2021, 20, 1603  
1c2022, 20, 1604  
c1872f, 100, 1605  
c18836, 100, 1606  
c08837, 100, 1607  
c08a38, 100, 1608  
1c2020, 20, 1609  
381f07, 20, 1610  
381f07, 20, 1611  
381f07, 20, 1612  
3a2007, 20, 1613  
42260a, 20, 1614  
3d2208, 20, 1615  
3e2309, 20, 1616  
3f2409, 20, 1617  
3c2108, 20, 1618  
3d2208, 20, 1619  
381f07, 20, 1620  
391f07, 20, 1621  
391f07, 20, 1622  
1e1e19, 20, 1623  
1e1e19, 20, 1624  
1e1e19, 20, 1625  
211d0f, 20, 1626  
211d10, 20, 1627  
201d0f, 20, 1628  
201d0f, 20, 1629  
201d0f, 20, 1630  
201d0f, 20, 1631  
201d0f, 20, 1632  
261d13, 20, 1633  
251e14, 20, 1634  
242016, 20, 1635  
1b1b13, 20, 1636  
062322, 20, 1637  
062a2a, 20, 1638  
06292a, 20, 1639  
0a373b, 20, 1640  
0a373b, 20, 1641  
0a3639, 20, 1642  
0b3636, 20, 1643  
0b3535, 20, 1644  
0c3736, 20, 1645  
0d3536, 20, 1646  
0d3739, 20, 1647  
0c3739, 20, 1648  
112c23, 20, 1649  
122f25, 20, 1650  
4f8e99, 20, 1651  
05373c, 20, 1652  
043d34, 20, 1653  
18c1be, 100, 1654  
072624, 20, 1655  
072725, 20, 1656  
b0bea5, 100, 1657  
046261, 20, 1658  
045353, 20, 1659  
045353, 20, 1660  
4cc361, 100, 1661  
071c1c, 20, 1662  
72d7d8, 100, 1663  
0b414a, 20, 1664  
091c1d, 20, 1665  
93ceca, 100, 1666  
83d4cd, 100, 1667  
092828, 20, 1668  
9fded7, 100, 1669  
a3dfd7, 100, 1670  
afbdab, 100, 1671  
adc5b4, 100, 1672  
905333, 20, 1673  
945737, 20, 1674  
0a1b15, 20, 1675  
0b1c15, 20, 1676  
0b1b15, 20, 1677  
0a1a14, 20, 1678  
0c1c15, 20, 1679  
0b1c16, 20, 1680  
342c0b, 20, 1681  
0a343e, 20, 1682  
0a343e, 20, 1683  
0a343e, 20, 1684  
162925, 20, 1685  
282619, 20, 1686  
292619, 20, 1687  
1e2027, 20, 1688  
1e1e23, 20, 1689  
1c1f25, 20, 1690  
1c1f24, 20, 1691  
1c1e24, 20, 1692  
202125, 20, 1693  
202825, 20, 1694  
262929, 20, 1695  
233127, 20, 1696  
182129, 20, 1697  
1a2129, 20, 1698  
161b1e, 20, 1699  
212324, 20, 1700  
212424, 20, 1701  
24231d, 20, 1702  
24231d, 20, 1703  
281d0a, 20, 1704  
281e0a, 20, 1705  
281d0a, 20, 1706  
2a1e0a, 20, 1707  
291e0a, 20, 1708  
291e0a, 20, 1709  
281d09, 20, 1710  
2a1f0a, 20, 1711  
2a1f0a, 20, 1712  
2a1f0a, 20, 1713  
2a1f0a, 20, 1714  
281d09, 20, 1715  
291f0a, 20, 1716  
291f0a, 20, 1717  
281e0a, 20, 1718  
291e0a, 20, 1719  
2c2410, 20, 1720  
24251d, 20, 1721  
25251c, 20, 1722  
25251c, 20, 1723  
25251c, 20, 1724  
24241e, 20, 1725  
23241d, 20, 1726  
23241e, 20, 1727  
24241d, 20, 1728  
23241e, 20, 1729  
23241e, 20, 1730  
23241e, 20, 1731  
23241f, 20, 1732  
23241f, 20, 1733  
d5c3ae, 100, 1734  
d5c3ad, 100, 1735  
d4c3ad, 100, 1736  
d7c5b0, 100, 1737  
d4bfa4, 100, 1738  
d6c893, 100, 1739  
d3db6d, 100, 1740  
391f0e, 20, 1741  
bdd62d, 100, 1742  
39200f, 20, 1743  
3a2314, 20, 1744  
3b2517, 20, 1745  
38261a, 20, 1746  
342c29, 20, 1747  
2e2017, 20, 1748  
c7aa71, 100, 1749  
2b2016, 20, 1750  
2b2016, 20, 1751  
927861, 20, 1752  
927861, 20, 1753  
2d332e, 20, 1754  
2d322d, 20, 1755  
2d332e, 20, 1756  
402815, 20, 1757  
402715, 20, 1758  
412915, 20, 1759  
412815, 20, 1760  
2d1f16, 20, 1761  
c19564, 100, 1762  
281e15, 20, 1763  
271d15, 20, 1764  
261c14, 20, 1765  
271c14, 20, 1766  
271c14, 20, 1767  
271d14, 20, 1768  
261c14, 20, 1769  
261c14, 20, 1770  
261c13, 20, 1771  
2e1f17, 20, 1772  
2e1f16, 20, 1773  
c3a073, 100, 1774  
c4a271, 100, 1775  
c19d6a, 100, 1776  
bf9c66, 100, 1777  
37241a, 20, 1778  
322218, 20, 1779  
3b2617, 20, 1780  
3a2616, 20, 1781  
3f2d13, 20, 1782  
3f2c13, 20, 1783  
3f2c13, 20, 1784  
393a16, 20, 1785  
324112, 20, 1786  
3b3f16, 20, 1787  
301f12, 20, 1788  
352213, 20, 1789  
372414, 20, 1790  
be8f4e, 100, 1791  
bc8a4d, 100, 1792  
44370f, 20, 1793  
302115, 20, 1794  
302115, 20, 1795  
312115, 20, 1796  
312115, 20, 1797  
bf9d4e, 100, 1798  
3a2717, 20, 1799  
493711, 20, 1800  
65c40f, 100, 1801  
3d4c10, 20, 1802  
472c16, 20, 1803  
653f1f, 20, 1804  
502f18, 20, 1805  
557815, 20, 1806  
547216, 20, 1807  
372811, 20, 1808  
3d2a11, 20, 1809  
3d2a11, 20, 1810  
795029, 20, 1811  
724925, 20, 1812  
80552b, 20, 1813  
253806, 20, 1814  
d7c369, 100, 1815  
ad8a36, 100, 1816  
a3853e, 100, 1817  
492e16, 20, 1818  
452c15, 20, 1819  
462d16, 20, 1820  
674620, 20, 1821  
724b27, 20, 1822  
724b25, 20, 1823  
4f3622, 20, 1824  
553c27, 20, 1825  
794c2d, 20, 1826  
784b2c, 20, 1827  
c08b61, 100, 1828  
afa194, 100, 1829  
372c23, 20, 1830  
3f2110, 20, 1831  
402211, 20, 1832  
704d31, 20, 1833  
66482e, 20, 1834  
6c604a, 20, 1835  
6d6149, 20, 1836  
62482b, 20, 1837  
805d3b, 20, 1838  
4d331e, 20, 1839  
4b3628, 20, 1840  
66442d, 20, 1841  
3d2e1f, 20, 1842  
483b3d, 20, 1843  
473029, 20, 1844  
3c2719, 20, 1845  
402919, 20, 1846  
492d1c, 20, 1847  
3f291a, 20, 1848  
452a1a, 20, 1849  
442817, 20, 1850  
422717, 20, 1851  
833a1e, 20, 1852  
73462b, 20, 1853  
73462a, 20, 1854  
d18e58, 100, 1855  
38281e, 20, 1856  
664128, 20, 1857  
4b2e1b, 20, 1858  
4c2f1c, 20, 1859  
4b2f1d, 20, 1860  
191c1b, 20, 1861  
1b1d1c, 20, 1862  
1b1d1c, 20, 1863  
c89878, 100, 1864  
312117, 20, 1865  
312116, 20, 1866  
261c16, 20, 1867  
31310c, 20, 1868  
391f16, 20, 1869  
62ab07, 100, 1870  
31270f, 20, 1871  
89a006, 100, 1872  
caab0c, 100, 1873  
699e07, 20, 1874  
241908, 20, 1875  
c08a4d, 100, 1876  
c08a4d, 100, 1877  
b59817, 100, 1878  
1e2a04, 20, 1879  
042a46, 20, 1880  
045ba5, 20, 1881  
043152, 20, 1882  
04304f, 20, 1883  
06222c, 20, 1884  
0a2733, 20, 1885  
0a2730, 20, 1886  
0a262f, 20, 1887  
092832, 20, 1888  
282425, 20, 1889  
282425, 20, 1890  
272425, 20, 1891  
272523, 20, 1892  
242323, 20, 1893  
26221d, 20, 1894  
27231e, 20, 1895  
302320, 20, 1896  
2e221f, 20, 1897  
2d221e, 20, 1898  
191926, 20, 1899  
191926, 20, 1900  
3a2922, 20, 1901  
302321, 20, 1902  
28201e, 20, 1903  
28201f, 20, 1904  
29211f, 20, 1905  
28211f, 20, 1906  
28211f, 20, 1907  
28261a, 20, 1908  
2a2414, 20, 1909  
042f48, 20, 1910  
04314c, 20, 1911  
24231d, 20, 1912  
2d231e, 20, 1913  
2f251e, 20, 1914  
30251e, 20, 1915  
0f1a1d, 20, 1916  
151a1a, 20, 1917  
171a1a, 20, 1918  
161a1a, 20, 1919  
2d221b, 20, 1920  
2d221b, 20, 1921  
2d221b, 20, 1922  
2d221b, 20, 1923  
2d221b, 20, 1924  
2d221b, 20, 1925  
2d221b, 20, 1926  
2d221b, 20, 1927  
2c211b, 20, 1928  
2f231b, 20, 1929  
33261d, 20, 1930  
1b1c1e, 20, 1931  
1d181a, 20, 1932  
19171a, 20, 1933  
042d49, 20, 1934  
042d4a, 20, 1935  
2a1f18, 20, 1936  
291e18, 20, 1937  
042c47, 20, 1938  
042942, 20, 1939  
251d1a, 20, 1940  
261d1a, 20, 1941  
04304e, 20, 1942  
04273a, 20, 1943  
251614, 20, 1944  
2b211c, 20, 1945  
33261e, 20, 1946  
33261c, 20, 1947  
33271c, 20, 1948  
33271c, 20, 1949  
32261c, 20, 1950  
2c221b, 20, 1951  
291e16, 20, 1952  
211a19, 20, 1953  
291510, 20, 1954  
211816, 20, 1955  
2d1c0f, 20, 1956  
2e1b0e, 20, 1957  
2a180d, 20, 1958  
22140c, 20, 1959  
24150c, 20, 1960  
24160c, 20, 1961  
281811, 20, 1962  
291911, 20, 1963  
281810, 20, 1964  
271811, 20, 1965  
31190b, 20, 1966  
341b0d, 20, 1967  
2f1a11, 20, 1968  
211b1a, 20, 1969  
18150f, 20, 1970  
251a21, 20, 1971  
07386c, 20, 1972  
0a396b, 20, 1973  
0b396a, 20, 1974  
0c1e1c, 20, 1975  
0c2120, 20, 1976  
0c2425, 20, 1977  
152c2b, 20, 1978  
044a86, 20, 1979  
044b89, 20, 1980  
04080a, 20, 1981  
04080a, 20, 1982  
04080a, 20, 1983  
080a0d, 20, 1984  
0c0c0d, 20, 1985  
14151f, 20, 1986  
14151f, 20, 1987  
14151f, 20, 1988  
040404, 20, 1989  
13090f, 20, 1990  
0c1423, 20, 1991  
0b1422, 20, 1992  
0c0f18, 20, 1993  
0f0d10, 20, 1994  
120c0e, 20, 1995  
100b0d, 20, 1996  
26110b, 20, 1997  
26110b, 20, 1998  
26110b, 20, 1999  
110a15, 20, 2000  
2d130a, 20, 2001  
2e1109, 20, 2002  
110a15, 20, 2003  
3d1205, 20, 2004  
290705, 20, 2005  
260705, 20, 2006  
270805, 20, 2007  
110913, 20, 2008  
260d0b, 20, 2009  
bd845c, 100, 2010  
c59168, 100, 2011  
130d17, 20, 2012  
140d17, 20, 2013  
aa7d6a, 100, 2014  
aa7c69, 100, 2015  
ab7e68, 100, 2016  
aa7d68, 100, 2017  
aa7d68, 100, 2018  
130b15, 20, 2019  
130b15, 20, 2020  
160d16, 20, 2021  
170d16, 20, 2022  
130b15, 20, 2023  
130b15, 20, 2024  
130b16, 20, 2025  
32160d, 20, 2026  
36180d, 20, 2027  
191412, 20, 2028  
45261b, 20, 2029  
44261b, 20, 2030  
44261b, 20, 2031  
44251a, 20, 2032  
45261b, 20, 2033  
41241a, 20, 2034  
41241a, 20, 2035  
412419, 20, 2036  
682b13, 20, 2037  
672b13, 20, 2038  
682b13, 20, 2039  
682b13, 20, 2040  
662a12, 20, 2041  
672b13, 20, 2042  
672b13, 20, 2043  
672b13, 20, 2044  
682b13, 20, 2045  
30221d, 20, 2046  
2d211c, 20, 2047  
30221d, 20, 2048  
2c201c, 20, 2049  
2e421b, 20, 2050  
e4e2ba, 100, 2051  
e1e0b6, 100, 2052  
e3e1b8, 100, 2053  
e0dfb4, 100, 2054  
244022, 20, 2055  
2d481a, 20, 2056  
c9a555, 100, 2057  
cea344, 100, 2058  
d0a543, 100, 2059  
d0a542, 100, 2060  
897a3a, 20, 2061  
8f7e3c, 20, 2062  
8f7f3d, 20, 2063  
473f16, 20, 2064  
403a13, 20, 2065  
3e3912, 20, 2066  
3e3813, 20, 2067  
403b14, 20, 2068  
908038, 20, 2069  
93873c, 100, 2070  
94873c, 100, 2071  
94883c, 100, 2072  
cdf0dd, 100, 2073  
e2d0ab, 100, 2074  
e1d1ac, 100, 2075  
968c3f, 100, 2076  
92863b, 100, 2077  
978f42, 100, 2078  
978e42, 100, 2079  
b66d45, 20, 2080  
b6734d, 100, 2081  
260d0a, 20, 2082  
b46f4a, 20, 2083  
dce1a3, 100, 2084  
38370a, 20, 2085  
dcdf9f, 100, 2086  
e6ebbf, 100, 2087  
3f2c09, 20, 2088  
3e2b09, 20, 2089  
3e2a09, 20, 2090  
3d2a0a, 20, 2091  
dfda9b, 100, 2092  
3d290a, 20, 2093  
3d290a, 20, 2094  
3e290a, 20, 2095  
412e09, 20, 2096  
e5ebc0, 100, 2097  
e4ebc1, 100, 2098  
e5e9bd, 100, 2099  
e6e8bc, 100, 2100  
b7b863, 100, 2101  
cde8b7, 100, 2102  
897933, 20, 2103  
897933, 20, 2104  
7c5d25, 20, 2105  
493d15, 20, 2106  
4a3b13, 20, 2107  
cdc097, 100, 2108  
cec097, 100, 2109  
cec097, 100, 2110  
cec097, 100, 2111  
b5e3bd, 100, 2112  
b5e3bd, 100, 2113  
b5e3bd, 100, 2114  
cfc097, 100, 2115  
cfbf96, 100, 2116  
cfbf96, 100, 2117  
cfbe94, 100, 2118  
d0bf95, 100, 2119  
d1bf95, 100, 2120  
d2be93, 100, 2121  
d8bd93, 100, 2122  
e2be91, 100, 2123  
e3af81, 100, 2124  
e7ba8d, 100, 2125  
e6b78b, 100, 2126  
e4b68b, 100, 2127  
dfc097, 100, 2128  
474238, 20, 2129  
c4cc92, 100, 2130  
ccd5a2, 100, 2131  
c1c88b, 100, 2132  
b4c286, 100, 2133  
b8c385, 100, 2134  
bac180, 100, 2135  
bac284, 100, 2136  
cdaa69, 100, 2137  
cba74c, 100, 2138  
bca344, 100, 2139  
cdae54, 100, 2140  
bab67c, 100, 2141  
beb97f, 100, 2142  
bab77e, 100, 2143  
bfba80, 100, 2144  
bcae71, 100, 2145  
9b803a, 100, 2146  
856e41, 20, 2147  
918d66, 100, 2148  
554f24, 20, 2149  
cfc48e, 100, 2150  
d8c48e, 100, 2151  
d1af7a, 100, 2152  
89966b, 100, 2153  
a9b57e, 100, 2154  
7a6734, 20, 2155  
b0b577, 100, 2156  
9ea46e, 100, 2157  
b2b980, 100, 2158  
b3bb83, 100, 2159  
b2be83, 100, 2160  
adba80, 100, 2161  
acb07b, 100, 2162  
b9c089, 100, 2163  
9b9746, 100, 2164  
9c9544, 100, 2165  
979346, 100, 2166  
9b9747, 100, 2167  
9f9846, 100, 2168  
30480f, 20, 2169  
c7a045, 100, 2170  
214810, 20, 2171  
fba90f, 100, 2172  
decf97, 100, 2173  
d7c993, 100, 2174  
d4c894, 100, 2175  
d3c795, 100, 2176  
d4c896, 100, 2177  
c29e3e, 100, 2178  
c19e3e, 100, 2179  
c29d3d, 100, 2180  
294413, 20, 2181  
caa653, 100, 2182  
cba851, 100, 2183  
c7a345, 100, 2184  
c49e44, 100, 2185  
c5a744, 100, 2186  
caab4a, 100, 2187  
071623, 20, 2188  
081827, 20, 2189  
0b0a05, 20, 2190  
0a0704, 20, 2191  
070704, 20, 2192  
050604, 20, 2193  
080704, 20, 2194  
070704, 20, 2195  
0b0c05, 20, 2196  
0f1007, 20, 2197  
0e1008, 20, 2198  
0c0c06, 20, 2199  
151613, 20, 2200  
161714, 20, 2201  
151714, 20, 2202  
161714, 20, 2203  
161714, 20, 2204  
141006, 20, 2205  
120d06, 20, 2206  
130e05, 20, 2207  
1d1707, 20, 2208  
1d1606, 20, 2209  
1d1707, 20, 2210  
201a08, 20, 2211  
0a0e06, 20, 2212  
0a0e06, 20, 2213  
0b130f, 20, 2214  
0c130f, 20, 2215  
0d150f, 20, 2216  
0a1007, 20, 2217  
0a1209, 20, 2218  
0c150d, 20, 2219  
10190f, 20, 2220  
111d13, 20, 2221  
0c1713, 20, 2222  
060c10, 20, 2223  
0b0e0b, 20, 2224  
0b0d0b, 20, 2225  
15271b, 20, 2226  
15261b, 20, 2227  
3b502a, 20, 2228  
3b502a, 20, 2229  
3b502a, 20, 2230  
3b4f2a, 20, 2231  
3a4e29, 20, 2232  
3a4e29, 20, 2233  
3a4d29, 20, 2234  
3a4e2a, 20, 2235  
343018, 20, 2236  
343019, 20, 2237  
392d1a, 20, 2238  
352e18, 20, 2239  
342e18, 20, 2240  
342b19, 20, 2241  
342d18, 20, 2242  
332e18, 20, 2243  
305213, 20, 2244  
2f5313, 20, 2245  
345c12, 20, 2246  
305313, 20, 2247  
2f5313, 20, 2248  
364213, 20, 2249  
363f10, 20, 2250  
334111, 20, 2251  
eac96f, 100, 2252  
e8c67d, 100, 2253  
e8c669, 100, 2254  
323c14, 20, 2255  
cf9356, 100, 2256  
30422b, 20, 2257  
2a3f27, 20, 2258  
283e27, 20, 2259  
314611, 20, 2260  
2d4210, 20, 2261  
33440f, 20, 2262  
32430f, 20, 2263  
303f12, 20, 2264  
2f3f13, 20, 2265  
2e4225, 20, 2266  
d9af69, 100, 2267  
dcb169, 100, 2268  
2d4427, 20, 2269  
312814, 20, 2270  
332916, 20, 2271  
30280d, 20, 2272  
c0d6c9, 100, 2273  
bf874d, 100, 2274  
82753c, 20, 2275  
392d18, 20, 2276  
2b1f12, 20, 2277  
7f5322, 20, 2278  
0f2520, 20, 2279  
342b11, 20, 2280  
2d462e, 20, 2281  
2a4128, 20, 2282  
dca762, 100, 2283  
25462c, 20, 2284  
1f3c26, 20, 2285  
27462b, 20, 2286  
233a20, 20, 2287  
1b3119, 20, 2288  
ceb682, 100, 2289  
e1d69d, 100, 2290  
e1d89f, 100, 2291  
e2d9a0, 100, 2292  
342a29, 20, 2293  
372a2a, 20, 2294  
392b2b, 20, 2295  
3d2c2c, 20, 2296  
472b26, 20, 2297  
46281f, 20, 2298  
47291e, 20, 2299  
472b20, 20, 2300  
472c21, 20, 2301  
472c21, 20, 2302  
472c21, 20, 2303  
452b20, 20, 2304  
482d23, 20, 2305  
482d23, 20, 2306  
452c23, 20, 2307  
462c23, 20, 2308  
452c22, 20, 2309  
4a2d21, 20, 2310  
392622, 20, 2311  
3e2a24, 20, 2312  
4b2f24, 20, 2313  
4a2e23, 20, 2314  
4a2f23, 20, 2315  
a1674f, 20, 2316  
312520, 20, 2317  
302724, 20, 2318  
302824, 20, 2319  
302724, 20, 2320  
312724, 20, 2321  
302724, 20, 2322  
302723, 20, 2323  
331915, 20, 2324  
331916, 20, 2325  
331915, 20, 2326  
361c11, 20, 2327  
361c11, 20, 2328  
361c11, 20, 2329  
371c11, 20, 2330  
2f1911, 20, 2331  
2f1911, 20, 2332  
35180c, 20, 2333  
3b1a0c, 20, 2334  
311d0a, 20, 2335  
2f1f1e, 20, 2336  
352320, 20, 2337  
4a2408, 20, 2338  
361d10, 20, 2339  
361d10, 20, 2340  
351c11, 20, 2341  
361d11, 20, 2342  
361d11, 20, 2343  
2d1c19, 20, 2344  
2c1b18, 20, 2345  
261816, 20, 2346  
2d1b17, 20, 2347  
2c1a16, 20, 2348  
281816, 20, 2349  
321b11, 20, 2350  
311a11, 20, 2351  
311a11, 20, 2352  
341c13, 20, 2353  
351a11, 20, 2354  
371c13, 20, 2355  
372218, 20, 2356  
3a2520, 20, 2357  
2c1d19, 20, 2358  
2a1d18, 20, 2359  
2a1c18, 20, 2360  
291b18, 20, 2361  
2f211a, 20, 2362  
291f1a, 20, 2363  
361e16, 20, 2364  
3c1c15, 20, 2365  
271f20, 20, 2366  
2a1f20, 20, 2367  
281e1e, 20, 2368  
291e1d, 20, 2369  
311e14, 20, 2370  
2d1a16, 20, 2371  
331b14, 20, 2372  
331b15, 20, 2373  
361e17, 20, 2374  
3f2317, 20, 2375  
3e2419, 20, 2376  
382319, 20, 2377  
372219, 20, 2378  
362218, 20, 2379  
2e1e18, 20, 2380  
2f1e18, 20, 2381  
2e1e18, 20, 2382  
2f1e18, 20, 2383  
341e18, 20, 2384  
341f17, 20, 2385  
341e17, 20, 2386  
351f17, 20, 2387  
351e17, 20, 2388  
282a2f, 20, 2389  
292a2f, 20, 2390  
292b30, 20, 2391  
2c2b2d, 20, 2392  
282a2e, 20, 2393  
282a2e, 20, 2394  
252b31, 20, 2395  
262b31, 20, 2396  
282a2e, 20, 2397  
35241a, 20, 2398  
36241b, 20, 2399  
36241b, 20, 2400  
3f2c1f, 20, 2401  
3d2b1e, 20, 2402  
39281c, 20, 2403  
39271c, 20, 2404  
38281d, 20, 2405  
37271e, 20, 2406  
37271e, 20, 2407  
36271e, 20, 2408  
33251d, 20, 2409  
37271e, 20, 2410  
37271e, 20, 2411  
36281f, 20, 2412  
36281f, 20, 2413  
32241a, 20, 2414  
321f17, 20, 2415  
422619, 20, 2416  
39211a, 20, 2417  
3a241d, 20, 2418  
3a231c, 20, 2419  
38201a, 20, 2420  
3a211a, 20, 2421  
3b231b, 20, 2422  
3b251d, 20, 2423  
3a231c, 20, 2424  
3e281f, 20, 2425  
39231b, 20, 2426  
39221b, 20, 2427  
2a2222, 20, 2428  
2a2222, 20, 2429  
90aab6, 100, 2430  
95aab5, 100, 2431  
182b4b, 20, 2432  
172b4c, 20, 2433  
1f1317, 20, 2434  
0f0d0b, 20, 2435  
0f0d0b, 20, 2436  
d2cebc, 100, 2437  
4e422b, 20, 2438  
514e2e, 20, 2439  
30322d, 20, 2440  
30342c, 20, 2441  
a6ae9a, 100, 2442  
373e14, 20, 2443  
373e14, 20, 2444  
371f1b, 20, 2445  
371f1b, 20, 2446  
371f1b, 20, 2447  
371f1c, 20, 2448  
371f1b, 20, 2449  
371f1b, 20, 2450  
371f1b, 20, 2451  
371f1b, 20, 2452  
8baebd, 100, 2453  
e6ecb5, 100, 2454  
e5e0aa, 100, 2455  
e3e1ab, 100, 2456  
e2dfa8, 100, 2457  
384f2b, 20, 2458  
3a512d, 20, 2459  
394c2a, 20, 2460  
3b4c29, 20, 2461  
3d4e2a, 20, 2462  
384621, 20, 2463  
3c4a21, 20, 2464  
3d431c, 20, 2465  
394921, 20, 2466  
2d3d17, 20, 2467  
2d3a16, 20, 2468  
2d3b17, 20, 2469  
2c3b16, 20, 2470  
21331b, 20, 2471  
253d18, 20, 2472  
243e18, 20, 2473  
243f18, 20, 2474  
304726, 20, 2475  
334122, 20, 2476  
3c3d1d, 20, 2477  
314121, 20, 2478  
334020, 20, 2479  
324021, 20, 2480  
333f21, 20, 2481  
2b4727, 20, 2482  
2d4323, 20, 2483  
294623, 20, 2484  
2e3e19, 20, 2485  
2c3f18, 20, 2486  
2a3d16, 20, 2487  
2a3b22, 20, 2488  
40692a, 20, 2489  
3d652a, 20, 2490  
3a734f, 20, 2491  
224526, 20, 2492  
346b48, 20, 2493  
f2fbe2, 100, 2494  
f2fbe2, 100, 2495  
f2fbe2, 100, 2496  
f2fbe2, 100, 2497  
2f5137, 20, 2498  
304d34, 20, 2499  
2d4931, 20, 2500  
2c4932, 20, 2501  
2c4428, 20, 2502  
2c4428, 20, 2503  
2c4328, 20, 2504  
2b4428, 20, 2505  
2c4224, 20, 2506  
2b4325, 20, 2507  
233d20, 20, 2508  
ceab37, 100, 2509  
336244, 20, 2510  
345f3d, 20, 2511  
223517, 20, 2512  
223518, 20, 2513  
243617, 20, 2514  
1e3619, 20, 2515  
1f3719, 20, 2516  
20371a, 20, 2517  
2c4622, 20, 2518  
2d4522, 20, 2519  
2c4522, 20, 2520  
2a4528, 20, 2521  
324623, 20, 2522  
264225, 20, 2523  
274225, 20, 2524  
274025, 20, 2525  
274328, 20, 2526  
284327, 20, 2527  
2a4728, 20, 2528  
264329, 20, 2529  
254227, 20, 2530  
264327, 20, 2531  
274227, 20, 2532  
213b1e, 20, 2533  
203318, 20, 2534  
1f3318, 20, 2535  
1f3317, 20, 2536  
263f26, 20, 2537  
274525, 20, 2538  
2a4524, 20, 2539  
324511, 20, 2540  
283810, 20, 2541  
283a12, 20, 2542  
223b28, 20, 2543  
223b29, 20, 2544  
223b29, 20, 2545  
2c3c24, 20, 2546  
2e3f25, 20, 2547  
405043, 20, 2548  
405042, 20, 2549  
3b5445, 20, 2550  
405645, 20, 2551  
324122, 20, 2552  
394928, 20, 2553  
516235, 20, 2554  
526234, 20, 2555  
374229, 20, 2556  
324026, 20, 2557  
363f25, 20, 2558  
36471f, 20, 2559  
454639, 20, 2560  
355049, 20, 2561  
476c46, 20, 2562  
446840, 20, 2563  
426940, 20, 2564  
446639, 20, 2565  
2d3c2d, 20, 2566  
2f3c2d, 20, 2567  
2d3b2c, 20, 2568  
2e3b2c, 20, 2569  
2a4536, 20, 2570  
253f32, 20, 2571  
294a3a, 20, 2572  
314131, 20, 2573  
27422d, 20, 2574  
27422d, 20, 2575  
2c4333, 20, 2576  
2b4233, 20, 2577  
2c4233, 20, 2578  
91ac9f, 100, 2579  
10252f, 20, 2580  
102630, 20, 2581  
4e703c, 20, 2582  
313d36, 20, 2583  
323e38, 20, 2584  
96c4c2, 100, 2585  
363b1a, 20, 2586  
2f3718, 20, 2587  
31482d, 20, 2588  
344d30, 20, 2589  
334c2f, 20, 2590  
898819, 20, 2591  
2c4d2e, 20, 2592  
2d4d2e, 20, 2593  
2c4d2e, 20, 2594  
2c4d2f, 20, 2595  
2c4d2f, 20, 2596  
364e2e, 20, 2597  
3c4a29, 20, 2598  
3c4a29, 20, 2599  
3e5736, 20, 2600  
3c5436, 20, 2601  
3c5839, 20, 2602  
3c5839, 20, 2603  
e8c70c, 100, 2604  
e6c30c, 100, 2605  
3c4627, 20, 2606  
3d492a, 20, 2607  
3c482b, 20, 2608  
3d4a2c, 20, 2609  
3e4c2c, 20, 2610  
364527, 20, 2611  
3b4926, 20, 2612  
3d4b25, 20, 2613  
414a2a, 20, 2614  
3d462b, 20, 2615  
3d462c, 20, 2616  
4b512c, 20, 2617  
4c522d, 20, 2618  
4a522d, 20, 2619  
454f2d, 20, 2620  
4e5929, 20, 2621  
ddcf0a, 100, 2622  
344431, 20, 2623  
364833, 20, 2624  
3a422e, 20, 2625  
040404, 20, 2626  
1d3d2a, 20, 2627  
1d3c2a, 20, 2628  
28442f, 20, 2629  
89b9c4, 100, 2630  
89bac4, 100, 2631  
89bac5, 100, 2632  
89bac4, 100, 2633  
89bac4, 100, 2634  
374413, 20, 2635  
354110, 20, 2636  
89b9c4, 100, 2637  
89bac5, 100, 2638  
313d0f, 20, 2639  
313a0e, 20, 2640  
2d340e, 20, 2641  
2f350e, 20, 2642  
31390f, 20, 2643  
333b10, 20, 2644  
323a0e, 20, 2645  
86b8c3, 100, 2646  
2b380f, 20, 2647  
2a380f, 20, 2648  
2f3b10, 20, 2649  
2e3b12, 20, 2650  
303f17, 20, 2651  
31401a, 20, 2652  
3f441a, 20, 2653  
3b4119, 20, 2654  
594921, 20, 2655  
4c451e, 20, 2656  
242d1a, 20, 2657  
d5b978, 100, 2658  
2c311b, 20, 2659  
d2b271, 100, 2660  
2f351f, 20, 2661  
2c331a, 20, 2662  
dac178, 100, 2663  
31361c, 20, 2664  
2d3720, 20, 2665  
1d3920, 20, 2666  
d3954f, 100, 2667  
28401f, 20, 2668  
293b20, 20, 2669  
2b3e20, 20, 2670  
253913, 20, 2671  
243a14, 20, 2672  
223712, 20, 2673  
213611, 20, 2674  
6e5137, 20, 2675  
71553a, 20, 2676  
1c371f, 20, 2677  
1c371f, 20, 2678  
1b371e, 20, 2679  
1b361e, 20, 2680  
1b371e, 20, 2681  
1f430a, 20, 2682  
1f3d0d, 20, 2683  
203d0b, 20, 2684  
2b4a18, 20, 2685  
6bd0a8, 100, 2686  
1c3912, 20, 2687  
1e3c14, 20, 2688  
beaf5d, 100, 2689  
193a1b, 20, 2690  
1c361c, 20, 2691  
133b26, 20, 2692  
133f1a, 20, 2693  
123b17, 20, 2694  
123a16, 20, 2695  
123b17, 20, 2696  
123b17, 20, 2697  
123b17, 20, 2698  
123b17, 20, 2699  
113b16, 20, 2700  
123a16, 20, 2701  
123b16, 20, 2702  
113b16, 20, 2703  
163a16, 20, 2704  
245b39, 20, 2705  
225839, 20, 2706  
195439, 20, 2707  
0d391f, 20, 2708  
caf1ee, 100, 2709  
18cdcd, 100, 2710  
0ac8c7, 100, 2711  
0a4325, 20, 2712  
0c4125, 20, 2713  
0a482b, 20, 2714  
10452a, 20, 2715  
c49c5e, 100, 2716  
c69d5e, 100, 2717  
c89c5c, 100, 2718  
c99d5c, 100, 2719  
cbc584, 100, 2720  
17412b, 20, 2721  
c8b964, 100, 2722  
cac275, 100, 2723  
cfc488, 100, 2724  
cac7a2, 100, 2725  
103e28, 20, 2726  
cccba7, 100, 2727  
c7cdb0, 100, 2728  
316339, 20, 2729  
386236, 20, 2730  
3c7449, 20, 2731  
3d7146, 20, 2732  
376031, 20, 2733  
38211e, 20, 2734  
39211e, 20, 2735  
361f1d, 20, 2736  
3a1f1b, 20, 2737  
3a1f1c, 20, 2738  
371d1a, 20, 2739  
3b201c, 20, 2740  
3b211d, 20, 2741  
3b211d, 20, 2742  
3c221d, 20, 2743  
3d211d, 20, 2744  
381e1b, 20, 2745  
422117, 20, 2746  
44241a, 20, 2747  
422219, 20, 2748  
432117, 20, 2749  
432117, 20, 2750  
432117, 20, 2751  
2e1a04, 20, 2752  
2e1a04, 20, 2753  
2c1a04, 20, 2754  
2d1a04, 20, 2755  
b17814, 20, 2756  
211909, 20, 2757  
1e1809, 20, 2758  
140f04, 20, 2759  
141005, 20, 2760  
2b1c07, 20, 2761  
2b1c07, 20, 2762  
ba9222, 100, 2763  
141007, 20, 2764  
141007, 20, 2765  
141007, 20, 2766  
141007, 20, 2767  
141007, 20, 2768  
141007, 20, 2769  
2b1e04, 20, 2770  
291c04, 20, 2771  
302204, 20, 2772  
2a1d04, 20, 2773  
2b1e04, 20, 2774  
2b1e04, 20, 2775  
291c06, 20, 2776  
0c070d, 20, 2777  
2c2208, 20, 2778  
1b1407, 20, 2779  
1c150a, 20, 2780  
1b130a, 20, 2781  
3d2d05, 20, 2782  
3f2f05, 20, 2783  
463505, 20, 2784  
413006, 20, 2785  
131104, 20, 2786  
1b110b, 20, 2787  
18120c, 20, 2788  
161011, 20, 2789  
1c1610, 20, 2790  
392a05, 20, 2791  
372905, 20, 2792  
372905, 20, 2793  
3a2b05, 20, 2794  
392905, 20, 2795  
392a05, 20, 2796  
3e2d05, 20, 2797  
3a2806, 20, 2798  
c29f1c, 100, 2799  
1b160f, 20, 2800  
18140b, 20, 2801  
120d06, 20, 2802  
151005, 20, 2803  
181305, 20, 2804  
181204, 20, 2805  
141104, 20, 2806  
141104, 20, 2807  
0f0d04, 20, 2808  
110e07, 20, 2809  
0f100b, 20, 2810  
101615, 20, 2811  
11110c, 20, 2812  
1b1608, 20, 2813  
0c0704, 20, 2814  
1f1509, 20, 2815  
21150a, 20, 2816  
170b09, 20, 2817  
181104, 20, 2818  
1a1108, 20, 2819  
181004, 20, 2820  
151408, 20, 2821  
1a1405, 20, 2822  
252514, 20, 2823  
1a1609, 20, 2824  
191609, 20, 2825  
1a1609, 20, 2826  
1c1807, 20, 2827  
1b1807, 20, 2828  
1b1707, 20, 2829  
1c1908, 20, 2830  
211b08, 20, 2831  
1b180c, 20, 2832  
17140b, 20, 2833  
e0fbf5, 100, 2834  
e1fbf4, 100, 2835  
b6deb4, 100, 2836  
0c270d, 20, 2837  
16380d, 20, 2838  
17380c, 20, 2839  
16320c, 20, 2840  
18350d, 20, 2841  
13300c, 20, 2842  
14330d, 20, 2843  
12330e, 20, 2844  
13320d, 20, 2845  
13310e, 20, 2846  
193a0e, 20, 2847  
263b17, 20, 2848  
1f310d, 20, 2849  
162f0e, 20, 2850  
162d0c, 20, 2851  
152d0c, 20, 2852  
152d0c, 20, 2853  
183219, 20, 2854  
1b3519, 20, 2855  
1d3719, 20, 2856  
1d3b1d, 20, 2857  
19361e, 20, 2858  
1a3820, 20, 2859  
19361f, 20, 2860  
1a361f, 20, 2861  
1b370e, 20, 2862  
142d0c, 20, 2863  
142a0e, 20, 2864  
36412c, 20, 2865  
363c2c, 20, 2866  
33382a, 20, 2867  
323a2c, 20, 2868  
353f30, 20, 2869  
343f31, 20, 2870  
354434, 20, 2871  
43422d, 20, 2872  
433a26, 20, 2873  
463f26, 20, 2874  
4c683b, 20, 2875  
4d6c3f, 20, 2876  
4d6e40, 20, 2877  
4e6e40, 20, 2878  
3a4029, 20, 2879  
36452f, 20, 2880  
46482f, 20, 2881  
46694b, 20, 2882  
406548, 20, 2883  
323926, 20, 2884  
323221, 20, 2885  
436547, 20, 2886  
477d4d, 20, 2887  
457a48, 20, 2888  
252c13, 20, 2889  
252c13, 20, 2890  
273217, 20, 2891  
3f7c51, 20, 2892  
3f7c51, 20, 2893  
3d744c, 20, 2894  
40734a, 20, 2895  
3e744a, 20, 2896  
43734a, 20, 2897  
3d6c44, 20, 2898  
3c6541, 20, 2899  
304f30, 20, 2900  
3c6a43, 20, 2901  
38633f, 20, 2902  
404621, 20, 2903  
d59e86, 100, 2904  
a4d7df, 100, 2905  
a56a59, 20, 2906  
059ca7, 20, 2907  
2b3c23, 20, 2908  
487555, 20, 2909  
446338, 20, 2910  
dd9330, 100, 2911  
040404, 20, 2912  
141413, 20, 2913  
ddd6d9, 100, 2914  
d8d1d6, 100, 2915  
c0bfcb, 100, 2916  
37312f, 20, 2917  
342e2c, 20, 2918  
c9c4cc, 100, 2919  
d2cdd4, 100, 2920  
d4d0d6, 100, 2921  
3f3e3d, 20, 2922  
322e2a, 20, 2923  
242e2a, 20, 2924  
223636, 20, 2925  
253632, 20, 2926  
1e2f2b, 20, 2927  
d3e2ce, 100, 2928  
293a3a, 20, 2929  
3c3022, 20, 2930  
392f20, 20, 2931  
3a3021, 20, 2932  
372f21, 20, 2933  
322c1f, 20, 2934  
241d1b, 20, 2935  
382824, 20, 2936  
372722, 20, 2937  
372520, 20, 2938  
3c2617, 20, 2939  
3a2718, 20, 2940  
36291d, 20, 2941  
26790c, 20, 2942  
277119, 20, 2943  
283224, 20, 2944  
293325, 20, 2945  
b8cac1, 100, 2946  
acc4d2, 100, 2947  
c7d2e0, 100, 2948  
cacbd0, 100, 2949  
d5d5e3, 100, 2950  
ced3dc, 100, 2951  
d3d7e0, 100, 2952  
3c3328, 20, 2953  
2d3028, 20, 2954  
2d3027, 20, 2955  
2d3027, 20, 2956  
2d3128, 20, 2957  
412e1c, 20, 2958  
402e1b, 20, 2959  
402d1c, 20, 2960  
402d1c, 20, 2961  
332a1f, 20, 2962  
342a1f, 20, 2963  
d6bc98, 100, 2964  
2e2620, 20, 2965  
302822, 20, 2966  
332a19, 20, 2967  
3a2f1c, 20, 2968  
392e1c, 20, 2969  
3a2f1c, 20, 2970  
3d311d, 20, 2971  
3c311d, 20, 2972  
3b301d, 20, 2973  
3b301d, 20, 2974  
313221, 20, 2975  
313221, 20, 2976  
313121, 20, 2977  
313221, 20, 2978  
ccd9cc, 100, 2979  
333127, 20, 2980  
323027, 20, 2981  
323026, 20, 2982  
323027, 20, 2983  
313026, 20, 2984  
302f25, 20, 2985  
313026, 20, 2986  
302f26, 20, 2987  
303026, 20, 2988  
22231d, 20, 2989  
22241f, 20, 2990  
222521, 20, 2991  
212420, 20, 2992  
c3c7bb, 100, 2993  
211d15, 20, 2994  
c7d6b7, 100, 2995  
221e15, 20, 2996  
30302c, 20, 2997  
272522, 20, 2998  
27251e, 20, 2999  
27251e, 20, 3000  
353429, 20, 3001  
353428, 20, 3002  
302f26, 20, 3003  
312f25, 20, 3004  
343227, 20, 3005  
333127, 20, 3006  
313025, 20, 3007  
c8c0b0, 100, 3008  
c2beae, 100, 3009  
c1beaf, 100, 3010  
c5c0b0, 100, 3011  
cdc5b4, 100, 3012  
cec3b0, 100, 3013  
c9c0ae, 100, 3014  
c7bfae, 100, 3015  
c9c0ae, 100, 3016  
cdc4b3, 100, 3017  
e1dde0, 100, 3018  
e2dfe2, 100, 3019  
dbd5d4, 100, 3020  
957446, 20, 3021  
957349, 20, 3022  
947149, 20, 3023  
977148, 20, 3024  
b78854, 100, 3025  
d69d5a, 100, 3026  
dda45e, 100, 3027  
d39d5b, 100, 3028  
e1ab61, 100, 3029  
403c2c, 20, 3030  
0b3131, 20, 3031  
0c2c28, 20, 3032  
092727, 20, 3033  
d7d1b2, 100, 3034  
cac8cc, 100, 3035  
193d29, 20, 3036  
194415, 20, 3037  
1a4e26, 20, 3038  
21542e, 20, 3039  
38493d, 20, 3040  
35453a, 20, 3041  
354439, 20, 3042  
344338, 20, 3043  
292e27, 20, 3044  
343129, 20, 3045  
c58e60, 100, 3046  
353229, 20, 3047  
353229, 20, 3048  
38402c, 20, 3049  
38402c, 20, 3050  
38402c, 20, 3051  
273529, 20, 3052  
1b1f18, 20, 3053  
1b231c, 20, 3054  
2a3425, 20, 3055  
2a3425, 20, 3056  
293425, 20, 3057  
d0cdc1, 100, 3058  
42433c, 20, 3059  
2b2422, 20, 3060  
c9d1d5, 100, 3061  
cbd6dc, 100, 3062  
c7d0d6, 100, 3063  
a8c1d4, 100, 3064  
a4b9b6, 100, 3065  
091a13, 20, 3066  
0d2115, 20, 3067  
0f1f19, 20, 3068  
182320, 20, 3069  
242b2a, 20, 3070  
262625, 20, 3071  
252f25, 20, 3072  
3e4438, 20, 3073  
ebe8ca, 100, 3074  
313d2b, 20, 3075  
152124, 20, 3076  
202f33, 20, 3077  
142829, 20, 3078  
bdeef5, 100, 3079  
c69da8, 100, 3080  
252f2f, 20, 3081  
28322e, 20, 3082  
232a28, 20, 3083  
2e2f30, 20, 3084  
223038, 20, 3085  
17293b, 20, 3086  
142830, 20, 3087  
2d341b, 20, 3088  
16261f, 20, 3089  
211618, 20, 3090  
040b22, 20, 3091  
041c4d, 20, 3092  
043f8f, 20, 3093  
043d89, 20, 3094  
043d88, 20, 3095  
040a21, 20, 3096  
0e0e13, 20, 3097  
242b2b, 20, 3098  
2c3340, 20, 3099  
1b2d3b, 20, 3100  
46423d, 20, 3101  
1a2d21, 20, 3102  
040404, 20, 3103  
040404, 20, 3104  
040404, 20, 3105  
111310, 20, 3106  
666660, 20, 3107  
a7a9a4, 100, 3108  
dadad2, 100, 3109  
d7d7cf, 100, 3110  
d2d1c8, 100, 3111  
d3d2c9, 100, 3112  
d3d2c9, 100, 3113  
d3d2c8, 100, 3114  
d2d1c8, 100, 3115  
d2d2c9, 100, 3116  
d4d2c8, 100, 3117  
d4d2c9, 100, 3118  
d2d1c7, 100, 3119  
d2d1c8, 100, 3120  
d2d2c9, 100, 3121  
d0d2c8, 100, 3122  
cfd0c6, 100, 3123  
cfcfc5, 100, 3124  
d0d0c6, 100, 3125  
c9cac1, 100, 3126  
bdb6ab, 100, 3127  
80724b, 20, 3128  
b8b3a9, 100, 3129  
b6b1a7, 100, 3130  
ced2d1, 100, 3131  
ccd0d0, 100, 3132  
ccd0d0, 100, 3133  
c9cdcd, 100, 3134  
c7c6bf, 100, 3135  
c6c4be, 100, 3136  
c5c4bd, 100, 3137  
d3cbc2, 100, 3138  
c9c1b9, 100, 3139  
8a7538, 20, 3140  
83692b, 20, 3141  
8a7438, 20, 3142  
d1c6ba, 100, 3143  
cfc7bf, 100, 3144  
cbc4bd, 100, 3145  
c1bab4, 100, 3146  
ccc6ba, 100, 3147  
ccc5b8, 100, 3148  
ccc5ba, 100, 3149  
c8c2b5, 100, 3150  
c5cdce, 100, 3151  
c5cccc, 100, 3152  
c5cdce, 100, 3153  
c5cdcf, 100, 3154  
c6ced0, 100, 3155  
c6cecf, 100, 3156  
c6cece, 100, 3157  
c6cece, 100, 3158  
c6cfcf, 100, 3159  
c8d0d0, 100, 3160  
babeb8, 100, 3161  
c9c8c1, 100, 3162  
c7c6c0, 100, 3163  
c8c7c1, 100, 3164  
c6c6bf, 100, 3165  
c6c5be, 100, 3166  
cbcbc4, 100, 3167  
cbcac4, 100, 3168  
cbcac4, 100, 3169  
cbcac4, 100, 3170  
cbcac4, 100, 3171  
cbcac4, 100, 3172  
cbcbc4, 100, 3173  
cacac5, 100, 3174  
c7c9c4, 100, 3175  
c9cac5, 100, 3176  
cad5d6, 100, 3177  
cad5d6, 100, 3178  
cad5d6, 100, 3179  
cad5d6, 100, 3180  
b8c4cb, 100, 3181  
c9dae5, 100, 3182  
afb9c2, 100, 3183  
cad5d6, 100, 3184  
cad5d6, 100, 3185  
cad5d6, 100, 3186  
3f3731, 20, 3187  
babec5, 100, 3188  
c3bdc2, 100, 3189  
cac7d3, 100, 3190  
d6ced7, 100, 3191  
d8d2d8, 100, 3192  
c0b4b5, 100, 3193  
c5b6c1, 100, 3194  
8389a1, 100, 3195  
c6a5ab, 100, 3196  
b7938e, 100, 3197  
9c725c, 20, 3198  
927057, 20, 3199  
ccb8c1, 100, 3200  
cbb5be, 100, 3201  
cbb5bd, 100, 3202  
cbb5be, 100, 3203  
cab3bb, 100, 3204  
9c9ab4, 100, 3205  
a19cb2, 100, 3206  
ae9da0, 100, 3207  
b09ea2, 100, 3208  
b6b5bd, 100, 3209  
d7cdde, 100, 3210  
d9cbdc, 100, 3211  
d4c8d9, 100, 3212  
646546, 20, 3213  
50504f, 20, 3214  
4f4c48, 20, 3215  
7b6e5f, 20, 3216  
443f37, 20, 3217  
bca2af, 100, 3218  
6b5f44, 20, 3219  
ccb2ba, 100, 3220  
bfa4a6, 100, 3221  
c8adb9, 100, 3222  
836e74, 20, 3223  
a58a91, 100, 3224  
867079, 20, 3225  
847078, 20, 3226  
867079, 20, 3227  
cda29c, 100, 3228  
cfa49d, 100, 3229  
c79d98, 100, 3230  
cba19c, 100, 3231  
caa19c, 100, 3232  
c19697, 100, 3233  
d0a4a0, 100, 3234  
c19693, 100, 3235  
c29796, 100, 3236  
c59998, 100, 3237  
c29a9d, 100, 3238  
c39a9d, 100, 3239  
b18983, 100, 3240  
aa899a, 100, 3241  
474038, 20, 3242  
eed5e8, 100, 3243  
414622, 20, 3244  
434623, 20, 3245  
d0735d, 100, 3246  
d1886e, 100, 3247  
ce9faa, 100, 3248  
d5a6b0, 100, 3249  
ce9fab, 100, 3250  
cb9ca7, 100, 3251  
d2a2ad, 100, 3252  
f2b9b5, 100, 3253  
e0b0b4, 100, 3254  
665844, 20, 3255  
5270a8, 20, 3256  
526fa8, 20, 3257  
ab8273, 100, 3258  
dba198, 100, 3259  
d89f99, 100, 3260  
d39991, 100, 3261  
d49293, 100, 3262  
daa1b1, 100, 3263  
dfa3b0, 100, 3264  
ecb8aa, 100, 3265  
7b7199, 20, 3266  
7d7196, 20, 3267  
ae8d95, 100, 3268  
4c3239, 20, 3269  
472a37, 20, 3270  
a885a7, 100, 3271  
bda6c5, 100, 3272  
a59cc4, 100, 3273  
ab9ec3, 100, 3274  
b49cbd, 100, 3275  
b49cbd, 100, 3276  
b49cbd, 100, 3277  
bf9cb5, 100, 3278  
b39bbd, 100, 3279  
b29cbe, 100, 3280  
a998bd, 100, 3281  
136b78, 20, 3282  
044a51, 20, 3283  
044a51, 20, 3284  
044a51, 20, 3285  
04494f, 20, 3286  
044449, 20, 3287  
041e1c, 20, 3288  
041e1a, 20, 3289  
041712, 20, 3290  
041914, 20, 3291  
461c04, 20, 3292  
481d04, 20, 3293  
481d04, 20, 3294  
461d04, 20, 3295  
0d1f1d, 20, 3296  
0e1e1c, 20, 3297  
04353b, 20, 3298  
04303a, 20, 3299  
23261d, 20, 3300  
101f1d, 20, 3301  
0f1e1c, 20, 3302  
2d2314, 20, 3303  
292113, 20, 3304  
2c2314, 20, 3305  
2e2414, 20, 3306  
2e2414, 20, 3307  
37220f, 20, 3308  
37210f, 20, 3309  
37210f, 20, 3310  
382110, 20, 3311  
231a11, 20, 3312  
221a10, 20, 3313  
241b10, 20, 3314  
231a10, 20, 3315  
241a10, 20, 3316  
231a10, 20, 3317  
37210e, 20, 3318  
36210f, 20, 3319  
3b230e, 20, 3320  
3b230e, 20, 3321  
3c230e, 20, 3322  
3d240e, 20, 3323  
3a220e, 20, 3324  
38210e, 20, 3325  
3b230e, 20, 3326  
dd9726, 100, 3327  
d78e22, 100, 3328  
d29519, 100, 3329  
1b1910, 20, 3330  
faf1ab, 100, 3331  
d97611, 100, 3332  
d3730e, 100, 3333  
1e1a11, 20, 3334  
1b1a11, 20, 3335  
161811, 20, 3336  
e8a91e, 100, 3337  
e9ab1d, 100, 3338  
e8a71a, 100, 3339  
dc8b15, 100, 3340  
181811, 20, 3341  
181811, 20, 3342  
181911, 20, 3343  
171911, 20, 3344  
18160e, 20, 3345  
18160e, 20, 3346  
18160e, 20, 3347  
18160e, 20, 3348  
18160e, 20, 3349  
18160e, 20, 3350  
18160e, 20, 3351  
18160e, 20, 3352  
18160e, 20, 3353  
18160e, 20, 3354  
18150d, 20, 3355  
3b240f, 20, 3356  
3b2310, 20, 3357  
2b1d14, 20, 3358  
2b1d13, 20, 3359  
2a1d13, 20, 3360  
291d13, 20, 3361  
281c13, 20, 3362  
271c13, 20, 3363  
281d13, 20, 3364  
271c13, 20, 3365  
281c13, 20, 3366  
261b12, 20, 3367  
271c13, 20, 3368  
261b13, 20, 3369  
261b12, 20, 3370  
251b12, 20, 3371  
251b12, 20, 3372  
251b13, 20, 3373  
251b13, 20, 3374  
251b13, 20, 3375  
cb710e, 100, 3376  
cb6f0f, 20, 3377  
d07611, 100, 3378  
d07810, 100, 3379  
271c13, 20, 3380  
251b12, 20, 3381  
261b12, 20, 3382  
251c13, 20, 3383  
251c13, 20, 3384  
251c13, 20, 3385  
251c13, 20, 3386  
251b12, 20, 3387  
251b13, 20, 3388  
251b12, 20, 3389  
261c13, 20, 3390  
251b12, 20, 3391  
301e0f, 20, 3392  
311e10, 20, 3393  
321f10, 20, 3394  
321f0f, 20, 3395  
2c1d10, 20, 3396  
c57c2f, 100, 3397  
12201c, 20, 3398  
12201c, 20, 3399  
111e1a, 20, 3400  
111e1a, 20, 3401  
111e1a, 20, 3402  
111e1b, 20, 3403  
111e1b, 20, 3404  
1f1812, 20, 3405  
1f1811, 20, 3406  
1e1811, 20, 3407  
1f1c16, 20, 3408  
1e1a14, 20, 3409  
1d1b15, 20, 3410  
1d1b15, 20, 3411  
1e1a13, 20, 3412  
1d1a14, 20, 3413  
1d1b15, 20, 3414  
1f1b15, 20, 3415  
201c15, 20, 3416  
201c16, 20, 3417  
211b13, 20, 3418  
d8a56c, 100, 3419  
081a16, 20, 3420  
11251e, 20, 3421  
2f2819, 20, 3422  
725338, 20, 3423  
816445, 20, 3424  
24251d, 20, 3425  
3c2b18, 20, 3426  
412d18, 20, 3427  
21261a, 20, 3428  
20251b, 20, 3429  
22271c, 20, 3430  
22261b, 20, 3431  
21261c, 20, 3432  
3b2b1d, 20, 3433  
3a2a1b, 20, 3434  
423f2f, 20, 3435  
454231, 20, 3436  
3e3527, 20, 3437  
3c3325, 20, 3438  
423627, 20, 3439  
433626, 20, 3440  
423626, 20, 3441  
423526, 20, 3442  
423526, 20, 3443  
433526, 20, 3444  
423426, 20, 3445  
403425, 20, 3446  
413325, 20, 3447  
403324, 20, 3448  
403324, 20, 3449  
23271e, 20, 3450  
282921, 20, 3451  
212115, 20, 3452  
c4795b, 100, 3453  
c97c5c, 100, 3454  
ce7f60, 100, 3455  
cb7a5b, 100, 3456  
c97b5e, 100, 3457  
c46853, 100, 3458  
151b1d, 20, 3459  
151b1c, 20, 3460  
0c181c, 20, 3461  
3d2615, 20, 3462  
3d2714, 20, 3463  
3c2815, 20, 3464  
3d2814, 20, 3465  
3d2815, 20, 3466  
382615, 20, 3467  
2e231d, 20, 3468  
2e241d, 20, 3469  
2e231d, 20, 3470  
2f241e, 20, 3471  
2d221c, 20, 3472  
2c221e, 20, 3473  
2c221e, 20, 3474  
2c221e, 20, 3475  
2d221e, 20, 3476  
2d211e, 20, 3477  
2d221e, 20, 3478  
37251c, 20, 3479  
37261d, 20, 3480  
37271d, 20, 3481  
38251c, 20, 3482  
38251c, 20, 3483  
38251c, 20, 3484  
37241c, 20, 3485  
37261d, 20, 3486  
36281f, 20, 3487  
6e3c19, 20, 3488  
6d3b18, 20, 3489  
713e1b, 20, 3490  
6f3e1c, 20, 3491  
2e1d14, 20, 3492  
1f1814, 20, 3493  
3d271d, 20, 3494  
3e291f, 20, 3495  
3f281d, 20, 3496  
35241d, 20, 3497  
b06556, 20, 3498  
b05f4d, 20, 3499  
69371d, 20, 3500  
40271d, 20, 3501  
0b1616, 20, 3502  
0c1717, 20, 3503  
38251f, 20, 3504  
3b261d, 20, 3505  
3d251a, 20, 3506  
38261f, 20, 3507  
35241f, 20, 3508  
34241e, 20, 3509  
361f0e, 20, 3510  
361f0e, 20, 3511  
361f0e, 20, 3512  
361f0e, 20, 3513  
361f0e, 20, 3514  
351e0e, 20, 3515  
321d0d, 20, 3516  
29180d, 20, 3517  
27170c, 20, 3518  
27170b, 20, 3519  
361d0b, 20, 3520  
311a0b, 20, 3521  
261409, 20, 3522  
321c0a, 20, 3523  
c87451, 100, 3524  
bd7252, 100, 3525  
382112, 20, 3526  
251a15, 20, 3527  
231f0c, 20, 3528  
24200d, 20, 3529  
241f0d, 20, 3530  
251e0b, 20, 3531  
251e0b, 20, 3532  
251f0b, 20, 3533  
2f2017, 20, 3534  
372415, 20, 3535  
d55f14, 20, 3536  
301e14, 20, 3537  
272413, 20, 3538  
362412, 20, 3539  
1f1d14, 20, 3540  
db7a19, 100, 3541  
18150f, 20, 3542  
34221e, 20, 3543  
ce7026, 100, 3544  
38231c, 20, 3545  
3b261e, 20, 3546  
3d1e0f, 20, 3547  
1d211a, 20, 3548  
1c211c, 20, 3549  
1d211c, 20, 3550  
1d211b, 20, 3551  
1c211b, 20, 3552  
1c211b, 20, 3553  
1c211a, 20, 3554  
3b281c, 20, 3555  
3a281c, 20, 3556  
3c291d, 20, 3557  
191813, 20, 3558  
1a1712, 20, 3559  
191712, 20, 3560  
191612, 20, 3561  
191712, 20, 3562  
c06640, 20, 3563  
181612, 20, 3564  
181611, 20, 3565  
3d2921, 20, 3566  
3c281f, 20, 3567  
64383e, 20, 3568  
181c17, 20, 3569  
181d17, 20, 3570  
181d17, 20, 3571  
181d17, 20, 3572  
1b1e17, 20, 3573  
161b16, 20, 3574  
151b16, 20, 3575  
c57147, 100, 3576  
cc6c4a, 100, 3577  
cb6b4b, 100, 3578  
cb6b4c, 100, 3579  
0c120e, 20, 3580  
151914, 20, 3581  
0c0a07, 20, 3582  
08130e, 20, 3583  
040f0b, 20, 3584  
0c1a13, 20, 3585  
111b1a, 20, 3586  
0f1918, 20, 3587  
101815, 20, 3588  
0f1712, 20, 3589  
0e1410, 20, 3590  
0f1711, 20, 3591  
0f1713, 20, 3592  
0f1914, 20, 3593  
0f1714, 20, 3594  
101b1a, 20, 3595  
101b1a, 20, 3596  
12231c, 20, 3597  
11261d, 20, 3598  
122f2f, 20, 3599  
061c1c, 20, 3600  
061617, 20, 3601  
061515, 20, 3602  
051313, 20, 3603  
061515, 20, 3604  
061719, 20, 3605  
10231c, 20, 3606  
07110c, 20, 3607  
0c1f1a, 20, 3608  
0b1c17, 20, 3609  
0c211b, 20, 3610  
0e201d, 20, 3611  
0e211e, 20, 3612  
111411, 20, 3613  
0c1c1b, 20, 3614  
091413, 20, 3615  
060f11, 20, 3616  
050f11, 20, 3617  
0b1a18, 20, 3618  
091818, 20, 3619  
0e1a1e, 20, 3620  
043245, 20, 3621  
04141c, 20, 3622  
04131c, 20, 3623  
04141d, 20, 3624  
044559, 20, 3625  
071f27, 20, 3626  
071a20, 20, 3627  
071a20, 20, 3628  
061a21, 20, 3629  
061b22, 20, 3630  
0c2528, 20, 3631  
0c2122, 20, 3632  
09181c, 20, 3633  
041517, 20, 3634  
05161a, 20, 3635  
041619, 20, 3636  
041313, 20, 3637  
04191d, 20, 3638  
0f1b1e, 20, 3639  
052022, 20, 3640  
061e20, 20, 3641  
082326, 20, 3642  
0c262b, 20, 3643  
09242a, 20, 3644  
0b241e, 20, 3645  
09201e, 20, 3646  
0f272c, 20, 3647  
072228, 20, 3648  
0c1c21, 20, 3649  
0c1b20, 20, 3650  
0d1d23, 20, 3651  
071e1c, 20, 3652  
071e1c, 20, 3653  
071e1c, 20, 3654  
091a17, 20, 3655  
061715, 20, 3656  
041717, 20, 3657  
042627, 20, 3658  
042122, 20, 3659  
042020, 20, 3660  
161e21, 20, 3661  
122021, 20, 3662  
061d18, 20, 3663  
061d1a, 20, 3664  
051d16, 20, 3665  
072214, 20, 3666  
06241a, 20, 3667  
043031, 20, 3668  
043334, 20, 3669  
042c2c, 20, 3670  
043030, 20, 3671  
043030, 20, 3672  
052c2b, 20, 3673  
091e1f, 20, 3674  
192326, 20, 3675  
0e1c1d, 20, 3676  
0b1e1e, 20, 3677  
0d3024, 20, 3678  
0c3127, 20, 3679  
0c3127, 20, 3680  
0c2c1d, 20, 3681  
0c3127, 20, 3682  
0d2c1e, 20, 3683  
041413, 20, 3684  
053738, 20, 3685  
0e3a3e, 20, 3686  
0a393d, 20, 3687  
fae067, 100, 3688  
e0b555, 100, 3689  
fbee82, 100, 3690  
040f14, 20, 3691  
041015, 20, 3692  
041117, 20, 3693  
041117, 20, 3694  
0c1a19, 20, 3695  
111a17, 20, 3696  
121b19, 20, 3697  
121a18, 20, 3698  
040f15, 20, 3699  
040e15, 20, 3700  
040f15, 20, 3701  
040e15, 20, 3702  
040504, 20, 3703  
040705, 20, 3704  
050905, 20, 3705  
050a05, 20, 3706  
043a46, 20, 3707  
060b07, 20, 3708  
1e251c, 20, 3709  
050c11, 20, 3710  
050d11, 20, 3711  
09141b, 20, 3712  
050f15, 20, 3713  
091f1f, 20, 3714  
09201e, 20, 3715  
0a1c1b, 20, 3716  
091b1b, 20, 3717  
091b1b, 20, 3718  
0c1c1c, 20, 3719  
091b1d, 20, 3720  
042031, 20, 3721  
041f2f, 20, 3722  
041b27, 20, 3723  
04161f, 20, 3724  
04161e, 20, 3725  
041118, 20, 3726  
0479a9, 20, 3727  
041219, 20, 3728  
040f14, 20, 3729  
040f14, 20, 3730  
141813, 20, 3731  
121813, 20, 3732  
141d18, 20, 3733  
161e1d, 20, 3734  
131914, 20, 3735  
0e120e, 20, 3736  
0a0c0a, 20, 3737  
090a08, 20, 3738  
0a0b09, 20, 3739  
090a08, 20, 3740  
0b0c09, 20, 3741  
0b0c09, 20, 3742  
090a08, 20, 3743  
1d1312, 20, 3744  
25211c, 20, 3745  
222019, 20, 3746  
543636, 20, 3747  
562931, 20, 3748  
0b1411, 20, 3749  
0a1210, 20, 3750  
091210, 20, 3751  
091310, 20, 3752  
0c1812, 20, 3753  
0b1712, 20, 3754  
0a1812, 20, 3755  
0f1e16, 20, 3756  
051922, 20, 3757  
59879d, 20, 3758  
051822, 20, 3759  
3f6c76, 20, 3760  
273b3d, 20, 3761  
21373f, 20, 3762  
5c90a0, 100, 3763  
6f9bac, 100, 3764  
7fa5ad, 100, 3765  
57808c, 20, 3766  
344140, 20, 3767  
191c19, 20, 3768  
474c43, 20, 3769  
8a907b, 100, 3770  
c8d8d6, 100, 3771  
2c1c16, 20, 3772  
2e1e17, 20, 3773  
d76c19, 100, 3774  
2d150e, 20, 3775  
cc6d1a, 20, 3776  
d17917, 100, 3777  
bb6a2c, 20, 3778  
c17f1f, 100, 3779  
da824e, 100, 3780  
e38e2f, 100, 3781  
43291e, 20, 3782  
2c221c, 20, 3783  
3e2516, 20, 3784  
24201c, 20, 3785  
282215, 20, 3786  
281c1a, 20, 3787  
e68731, 100, 3788  
834811, 20, 3789  
1a2529, 20, 3790  
342e1c, 20, 3791  
332d17, 20, 3792  
312813, 20, 3793  
2a251f, 20, 3794  
072630, 20, 3795  
062732, 20, 3796  
062833, 20, 3797  
262423, 20, 3798  
18241d, 20, 3799  
0e2128, 20, 3800  
11242a, 20, 3801  
10222a, 20, 3802  
0f232b, 20, 3803  
062632, 20, 3804  
062c3c, 20, 3805  
041f2c, 20, 3806  
041d29, 20, 3807  
0a2a2b, 20, 3808  
0a2a2c, 20, 3809  
193017, 20, 3810  
1a2f15, 20, 3811  
1a2f15, 20, 3812  
1d3217, 20, 3813  
041f26, 20, 3814  
072a33, 20, 3815  
082126, 20, 3816  
102c24, 20, 3817  
102a22, 20, 3818  
162920, 20, 3819  
0e201a, 20, 3820  
072224, 20, 3821  
04212f, 20, 3822  
092627, 20, 3823  
20483f, 20, 3824  
2a3f3b, 20, 3825  
223623, 20, 3826  
1d332b, 20, 3827  
1b3129, 20, 3828  
1e312b, 20, 3829  
142b2c, 20, 3830  
043031, 20, 3831  
062423, 20, 3832  
062423, 20, 3833  
062423, 20, 3834  
062423, 20, 3835  
09211e, 20, 3836  
09211e, 20, 3837  
0a2526, 20, 3838  
081f27, 20, 3839  
081f27, 20, 3840  
0d222a, 20, 3841  
0b2028, 20, 3842  
07242d, 20, 3843  
183031, 20, 3844  
1c3030, 20, 3845  
0c2028, 20, 3846  
0d2028, 20, 3847  
0d2128, 20, 3848  
0d2028, 20, 3849  
0d2028, 20, 3850  
040c10, 20, 3851  
05809f, 20, 3852  
04070a, 20, 3853  
04070b, 20, 3854  
04080c, 20, 3855  
04090c, 20, 3856  
04080c, 20, 3857  
070c0e, 20, 3858  
070709, 20, 3859  
050507, 20, 3860  
07090a, 20, 3861  
060a0e, 20, 3862  
0c161d, 20, 3863  
c7d7df, 100, 3864  
409fc9, 100, 3865  
1e81b1, 20, 3866  
040e1e, 20, 3867  
2ba3cf, 100, 3868  
178dc6, 20, 3869  
042138, 20, 3870  
056693, 20, 3871  
056a9b, 20, 3872  
05699d, 20, 3873  
056299, 20, 3874  
05659c, 20, 3875  
3e9cb8, 100, 3876  
409eba, 100, 3877  
3e9dba, 100, 3878  
052420, 20, 3879  
151d17, 20, 3880  
042724, 20, 3881  
042529, 20, 3882  
0d2b2e, 20, 3883  
293433, 20, 3884  
2d3030, 20, 3885  
093e43, 20, 3886  
083136, 20, 3887  
06373d, 20, 3888  
142b2a, 20, 3889  
083e42, 20, 3890  
0d3236, 20, 3891  
08262f, 20, 3892  
053c46, 20, 3893  
044247, 20, 3894  
071f23, 20, 3895  
071c1e, 20, 3896  
051d25, 20, 3897  
051b22, 20, 3898  
051b22, 20, 3899  
051a20, 20, 3900  
071117, 20, 3901  
b99a92, 100, 3902  
051c23, 20, 3903  
051d23, 20, 3904  
051e25, 20, 3905  
051e25, 20, 3906  
7b322b, 20, 3907  
7c3223, 20, 3908  
7c3322, 20, 3909  
06262b, 20, 3910  
06262b, 20, 3911  
06262b, 20, 3912  
04242f, 20, 3913  
041c23, 20, 3914  
041c21, 20, 3915  
041c20, 20, 3916  
073740, 20, 3917  
07363f, 20, 3918  
04251e, 20, 3919  
04241e, 20, 3920  
04241e, 20, 3921  
04150c, 20, 3922  
041e1a, 20, 3923  
04171b, 20, 3924  
041511, 20, 3925  
b3ce80, 100, 3926  
062323, 20, 3927  
052525, 20, 3928  
04191a, 20, 3929  
051f1f, 20, 3930  
042123, 20, 3931  
07283e, 20, 3932  
07273d, 20, 3933  
397491, 20, 3934  
38718e, 20, 3935  
3a708a, 20, 3936  
3a6b84, 20, 3937  
386984, 20, 3938  
3a708b, 20, 3939  
2a5b78, 20, 3940  
15465e, 20, 3941  
266383, 20, 3942  
256282, 20, 3943  
306886, 20, 3944  
16546c, 20, 3945  
0f3f56, 20, 3946  
082e42, 20, 3947  
072d42, 20, 3948  
07324a, 20, 3949  
083850, 20, 3950  
0a3f5a, 20, 3951  
114868, 20, 3952  
0d4e70, 20, 3953  
114b6b, 20, 3954  
0d4a6c, 20, 3955  
0e4a6a, 20, 3956  
0d486a, 20, 3957  
0e4b6f, 20, 3958  
124e71, 20, 3959  
104c6e, 20, 3960  
1a5f84, 20, 3961  
155e84, 20, 3962  
186287, 20, 3963  
1a5f84, 20, 3964  
053751, 20, 3965  
053651, 20, 3966  
083d51, 20, 3967  
0b425b, 20, 3968  
0f4057, 20, 3969  
0e3f56, 20, 3970  
0a4762, 20, 3971  
0e4e6b, 20, 3972  
28495d, 20, 3973  
32586d, 20, 3974  
173c4c, 20, 3975  
06374f, 20, 3976  
144056, 20, 3977  
0a3c57, 20, 3978  
1e4a63, 20, 3979  
1d465e, 20, 3980  
294f64, 20, 3981  
215e7d, 20, 3982  
4a5f71, 20, 3983  
081d19, 20, 3984  
07201d, 20, 3985  
131916, 20, 3986  
142023, 20, 3987  
172528, 20, 3988  
192629, 20, 3989  
1b2528, 20, 3990  
0c1015, 20, 3991  
121519, 20, 3992  
122d33, 20, 3993  
172a2f, 20, 3994  
182a2f, 20, 3995  
122121, 20, 3996  
171412, 20, 3997  
121617, 20, 3998  
141919, 20, 3999  
141618, 20, 4000  
0f1518, 20, 4001  
0e1313, 20, 4002  
1a1d1c, 20, 4003  
222220, 20, 4004  
ad6b24, 20, 4005  
f4d2a6, 100, 4006  
161a18, 20, 4007  
c16b62, 100, 4008  
2b3030, 20, 4009  
1d282a, 20, 4010  
2f2a2c, 20, 4011  
2f2c2a, 20, 4012  
1c2224, 20, 4013  
182022, 20, 4014  
b2b897, 100, 4015  
0e1315, 20, 4016  
0e1215, 20, 4017  
16191f, 20, 4018  
151c1f, 20, 4019  
171e22, 20, 4020  
232627, 20, 4021  
060b0e, 20, 4022  
080f11, 20, 4023  
0a0e12, 20, 4024  
1a1e22, 20, 4025  
1a1e23, 20, 4026  
1b1e23, 20, 4027  
181811, 20, 4028  
151516, 20, 4029  
151516, 20, 4030  
181c13, 20, 4031  
1c1b0b, 20, 4032  
211e0d, 20, 4033  
211e0d, 20, 4034  
05141f, 20, 4035  
061017, 20, 4036  
061a29, 20, 4037  
75c9ee, 100, 4038  
76cbef, 100, 4039  
1c4159, 20, 4040  
1c4159, 20, 4041  
1c4159, 20, 4042  
1c4159, 20, 4043  
1c4159, 20, 4044  
1b4159, 20, 4045  
1d4159, 20, 4046  
1c4159, 20, 4047  
1c4159, 20, 4048  
1c4159, 20, 4049  
1c4159, 20, 4050  
12384f, 20, 4051  
11364e, 20, 4052  
11364e, 20, 4053  
0a3956, 20, 4054  
105573, 20, 4055  
165672, 20, 4056  
2f526f, 20, 4057  
1d5477, 20, 4058  
3e5469, 20, 4059  
204a6a, 20, 4060  
1d4a6d, 20, 4061  
1c4a6d, 20, 4062  
1e4b6e, 20, 4063  
1e4c6f, 20, 4064  
1e4c6f, 20, 4065  
1d4c6f, 20, 4066  
1d4c70, 20, 4067  
183f5c, 20, 4068  
1d4c70, 20, 4069  
1d4d71, 20, 4070  
1e4c6f, 20, 4071  
1e4b6d, 20, 4072  
1f4b6d, 20, 4073  
204d6f, 20, 4074  
1f4d70, 20, 4075  
1e4d70, 20, 4076  
19405d, 20, 4077  
1c4869, 20, 4078  
1d4c6f, 20, 4079  
1d4b6f, 20, 4080  
1e4c6f, 20, 4081  
1d496b, 20, 4082  
082844, 20, 4083  
092944, 20, 4084  
082033, 20, 4085  
0a2336, 20, 4086  
ce6065, 100, 4087  
d56b6d, 100, 4088  
305578, 20, 4089  
101b29, 20, 4090  
141d26, 20, 4091  
272d39, 20, 4092  
2a2f3d, 20, 4093  
4e7ca7, 20, 4094  
4d7aa5, 20, 4095  
172111, 20, 4096  
272b1c, 20, 4097  
523b30, 20, 4098  
624235, 20, 4099  
edb6c1, 100, 4100  
205a7f, 20, 4101  
1d5b83, 20, 4102  
245272, 20, 4103  
183851, 20, 4104  
16344b, 20, 4105  
348bbd, 20, 4106  
144d70, 20, 4107  
174f73, 20, 4108  
1a4565, 20, 4109  
072e44, 20, 4110  
062d43, 20, 4111  
0d6077, 20, 4112  
094e76, 20, 4113  
0b3e61, 20, 4114  
061f31, 20, 4115  
052829, 20, 4116  
1c577b, 20, 4117  
233d52, 20, 4118  
253e53, 20, 4119  
0f334c, 20, 4120  
0f334c, 20, 4121  
214d6e, 20, 4122  
164e72, 20, 4123  
153046, 20, 4124  
1a5179, 20, 4125  
1c4c70, 20, 4126  
1b5179, 20, 4127  
052a46, 20, 4128  
215173, 20, 4129  
11507b, 20, 4130  
083353, 20, 4131  
062d4b, 20, 4132  
145a85, 20, 4133  
0c507b, 20, 4134  
175c8c, 20, 4135  
2379b1, 20, 4136  
0c4872, 20, 4137  
0c4169, 20, 4138  
093353, 20, 4139  
623d39, 20, 4140  
0a3251, 20, 4141  
194f79, 20, 4142  
1a5782, 20, 4143  
185681, 20, 4144  
165984, 20, 4145  
175b86, 20, 4146  
052943, 20, 4147  
3885b3, 20, 4148  
3786b5, 20, 4149  
052841, 20, 4150  
183147, 20, 4151  
17456c, 20, 4152  
0f446c, 20, 4153  
104a73, 20, 4154  
082a45, 20, 4155  
1c5683, 20, 4156  
11375c, 20, 4157  
495d7f, 20, 4158  
3f4862, 20, 4159  
1a2439, 20, 4160  
430718, 20, 4161  
3c567d, 20, 4162  
0f2537, 20, 4163  
0f2435, 20, 4164  
0d2436, 20, 4165  
0d2233, 20, 4166  
152737, 20, 4167  
132436, 20, 4168  
242c49, 20, 4169  
380f25, 20, 4170  
361127, 20, 4171  
5c0521, 20, 4172  
57051e, 20, 4173  
044e74, 20, 4174  
104865, 20, 4175  
0d4b66, 20, 4176  
092e4a, 20, 4177  
09263f, 20, 4178  
0a2839, 20, 4179  
d47356, 100, 4180  
e78a7f, 100, 4181  
08151f, 20, 4182  
eee7ce, 100, 4183  
17303a, 20, 4184  
d3646b, 100, 4185  
dee0a9, 100, 4186  
cfd194, 100, 4187  
eaebbd, 100, 4188  
043147, 20, 4189  
053548, 20, 4190  
072d3d, 20, 4191  
072635, 20, 4192  
8a4844, 20, 4193  
1f4347, 20, 4194  
dcdbb3, 100, 4195  
072530, 20, 4196  
deb893, 100, 4197  
e2be99, 100, 4198  
e8e5b9, 100, 4199  
f7f1c8, 100, 4200  
f7ecbd, 100, 4201  
f0e4b7, 100, 4202  
edd292, 100, 4203  
f1e0ad, 100, 4204  
f0deac, 100, 4205  
dbb687, 100, 4206  
081823, 20, 4207  
293d47, 20, 4208  
c2976a, 100, 4209  
c19669, 100, 4210  
ddb98a, 100, 4211  
d5b88d, 100, 4212  
e0c190, 100, 4213  
346a70, 20, 4214  
316770, 20, 4215  
dacc90, 100, 4216  
2a4a3f, 20, 4217  
d3b37f, 100, 4218  
484c31, 20, 4219  
e8ca8e, 100, 4220  
254142, 20, 4221  
304239, 20, 4222  
2c5455, 20, 4223  
e3dbb4, 100, 4224  
e8da97, 100, 4225  
09232b, 20, 4226  
d4c694, 100, 4227  
2a322f, 20, 4228  
e8c17c, 100, 4229  
dcb57a, 100, 4230  
debb7f, 100, 4231  
2b3828, 20, 4232  
bfbc95, 100, 4233  
cac59a, 100, 4234  
e8dab2, 100, 4235  
ece5b7, 100, 4236  
142831, 20, 4237  
0d393a, 20, 4238  
ebdd98, 100, 4239  
19322e, 20, 4240  
16332f, 20, 4241  
072f3b, 20, 4242  
135b72, 20, 4243  
134556, 20, 4244  
13566b, 20, 4245  
dcd4aa, 100, 4246  
d7d2a8, 100, 4247  
112d2b, 20, 4248  
0f2c2a, 20, 4249  
dcd096, 100, 4250  
dce3b5, 100, 4251  
e1bb8d, 100, 4252  
e1bc94, 100, 4253  
0b212a, 20, 4254  
0b222b, 20, 4255  
04421c, 20, 4256  
064a47, 20, 4257  
082f25, 20, 4258  
092626, 20, 4259  
0a2129, 20, 4260  
0b2f3f, 20, 4261  
07282b, 20, 4262  
07282b, 20, 4263  
09252e, 20, 4264  
0e2530, 20, 4265  
0e2531, 20, 4266  
05151c, 20, 4267  
0a2a3e, 20, 4268  
142e3a, 20, 4269  
11323d, 20, 4270  
0c283b, 20, 4271  
0a2436, 20, 4272  
0a283b, 20, 4273  
0c2b3f, 20, 4274  
0d314a, 20, 4275  
102e44, 20, 4276  
0e2d45, 20, 4277  
2e658a, 20, 4278  
296584, 20, 4279  
11344b, 20, 4280  
225070, 20, 4281  
10344b, 20, 4282  
23597e, 20, 4283  
0f2e3f, 20, 4284  
255573, 20, 4285  
225071, 20, 4286  
094b6a, 20, 4287  
27658c, 20, 4288  
062e46, 20, 4289  
0d3046, 20, 4290  
123135, 20, 4291  
1b3239, 20, 4292  
1c638c, 20, 4293  
2b342b, 20, 4294  
2a332b, 20, 4295  
2c342c, 20, 4296  
20342e, 20, 4297  
1f332a, 20, 4298  
213228, 20, 4299  
22322c, 20, 4300  
1d6790, 20, 4301  
443f24, 20, 4302  
3b3f24, 20, 4303  
794828, 20, 4304  
304532, 20, 4305  
35452c, 20, 4306  
3a4425, 20, 4307  
7c560b, 20, 4308  
b46f0e, 20, 4309  
1d4748, 20, 4310  
11455c, 20, 4311  
2f3a20, 20, 4312  
2b5c7e, 20, 4313  
2b5b7e, 20, 4314  
2b5b7d, 20, 4315  
1b3029, 20, 4316  
1a3028, 20, 4317  
1a3027, 20, 4318  
1a3027, 20, 4319  
1a3028, 20, 4320  
1a3028, 20, 4321  
2c3f2d, 20, 4322  
2c3f2d, 20, 4323  
2f402b, 20, 4324  
2f402c, 20, 4325  
2b4030, 20, 4326  
30412b, 20, 4327  
30412b, 20, 4328  
324126, 20, 4329  
324126, 20, 4330  
30412b, 20, 4331  
343f1f, 20, 4332  
22332a, 20, 4333  
1a3028, 20, 4334  
22332a, 20, 4335  
223329, 20, 4336  
36412b, 20, 4337  
36422c, 20, 4338  
3e4326, 20, 4339  
3d4327, 20, 4340  
3c4329, 20, 4341  
3f4326, 20, 4342  
dfa54a, 100, 4343  
e5ab4a, 100, 4344  
d99031, 100, 4345  
243e35, 20, 4346  
263e38, 20, 4347  
263c34, 20, 4348  
213b37, 20, 4349  
d67a37, 100, 4350  
243b35, 20, 4351  
253d34, 20, 4352  
272430, 20, 4353  
262430, 20, 4354  
394725, 20, 4355  
414b20, 20, 4356  
3e4924, 20, 4357  
3d4924, 20, 4358  
424a23, 20, 4359  
434a22, 20, 4360  
454b21, 20, 4361  
454c22, 20, 4362  
745c10, 20, 4363  
474b20, 20, 4364  
6c5911, 20, 4365  
735b10, 20, 4366  
745b10, 20, 4367  
e08f4d, 100, 4368  
e08e4d, 100, 4369  
e08e4c, 100, 4370  
215371, 20, 4371  
215371, 20, 4372  
215371, 20, 4373  
403c1d, 20, 4374  
393a1d, 20, 4375  
393a1d, 20, 4376  
383a1d, 20, 4377  
3d3b1a, 20, 4378  
3e3b19, 20, 4379  
433b17, 20, 4380  
433a16, 20, 4381  
423b17, 20, 4382  
dd9357, 100, 4383  
dd9255, 100, 4384  
db8a50, 100, 4385  
da8f51, 100, 4386  
213016, 20, 4387  
dca364, 100, 4388  
605d1f, 20, 4389  
1f342d, 20, 4390  
1e332c, 20, 4391  
363c14, 20, 4392  
363c13, 20, 4393  
0c3148, 20, 4394  
103246, 20, 4395  
103040, 20, 4396  
0f3a4c, 20, 4397  
10394c, 20, 4398  
124546, 20, 4399  
04362d, 20, 4400  
05302e, 20, 4401  
072a29, 20, 4402  
062632, 20, 4403  
0f2e2b, 20, 4404  
1c3732, 20, 4405  
2b272b, 20, 4406  
322a33, 20, 4407  
312a34, 20, 4408  
232024, 20, 4409  
232024, 20, 4410  
231f22, 20, 4411  
221f23, 20, 4412  
231f23, 20, 4413  
221f23, 20, 4414  
231f22, 20, 4415  
221f23, 20, 4416  
221f24, 20, 4417  
242128, 20, 4418  
231e21, 20, 4419  
3f2820, 20, 4420  
432c22, 20, 4421  
2a282d, 20, 4422  
6ad0d1, 100, 4423  
042535, 20, 4424  
06212e, 20, 4425  
062131, 20, 4426  
052232, 20, 4427  
151e13, 20, 4428  
1a261c, 20, 4429  
1a281e, 20, 4430  
1b211b, 20, 4431  
232317, 20, 4432  
232019, 20, 4433  
222217, 20, 4434  
222216, 20, 4435  
152524, 20, 4436  
1e281a, 20, 4437  
1e2818, 20, 4438  
1b2318, 20, 4439  
1d241c, 20, 4440  
1e1e1d, 20, 4441  
1f1e1d, 20, 4442  
1e1e1d, 20, 4443  
26211d, 20, 4444  
25211e, 20, 4445  
25211d, 20, 4446  
26211d, 20, 4447  
242c2a, 20, 4448  
212a28, 20, 4449  
212c2b, 20, 4450  
212b2a, 20, 4451  
202b2a, 20, 4452  
202b2a, 20, 4453  
202b2a, 20, 4454  
202b2a, 20, 4455  
202b2a, 20, 4456  
1f2a2a, 20, 4457  
202b2a, 20, 4458  
283217, 20, 4459  
283218, 20, 4460  
fbc692, 100, 4461  
5f100c, 20, 4462  
194409, 20, 4463  
2f2e11, 20, 4464  
2f2f11, 20, 4465  
2e2d0f, 20, 4466  
2e2d0f, 20, 4467  
095406, 20, 4468  
14260a, 20, 4469  
14260b, 20, 4470  
14250a, 20, 4471  
0d0c09, 20, 4472  
1f1b1b, 20, 4473  
b36b49, 20, 4474  
2f291f, 20, 4475  
2f2920, 20, 4476  
302a20, 20, 4477  
352e23, 20, 4478  
352e23, 20, 4479  
173240, 20, 4480  
153546, 20, 4481  
152b36, 20, 4482  
191f1e, 20, 4483  
181f1f, 20, 4484  
1c201f, 20, 4485  
1b201e, 20, 4486  
1c201f, 20, 4487  
232c2e, 20, 4488  
282d2c, 20, 4489  
262c2a, 20, 4490  
252b2b, 20, 4491  
282c2a, 20, 4492  
242d2c, 20, 4493  
282d2b, 20, 4494  
272c29, 20, 4495  
282d2a, 20, 4496  
272c2a, 20, 4497  
272c2b, 20, 4498  
262b29, 20, 4499  
272c2b, 20, 4500  
272d2e, 20, 4501  
272d2e, 20, 4502  
272d2d, 20, 4503  
212a2b, 20, 4504  
21292b, 20, 4505  
192c34, 20, 4506  
16242d, 20, 4507  
16252e, 20, 4508  
162630, 20, 4509  
16262f, 20, 4510  
18262f, 20, 4511  
16242d, 20, 4512  
16242d, 20, 4513  
16252e, 20, 4514  
17252f, 20, 4515  
14222b, 20, 4516  
15232d, 20, 4517  
15242d, 20, 4518  
15242d, 20, 4519  
14222b, 20, 4520  
17252e, 20, 4521  
16242d, 20, 4522  
17242c, 20, 4523  
20272e, 20, 4524  
20292a, 20, 4525  
07223a, 20, 4526  
07223a, 20, 4527  
08223a, 20, 4528  
201a1b, 20, 4529  
201a1b, 20, 4530  
18273b, 20, 4531  
18273b, 20, 4532  
19273a, 20, 4533  
17273b, 20, 4534  
16273b, 20, 4535  
14273b, 20, 4536  
142539, 20, 4537  
132539, 20, 4538  
15283c, 20, 4539  
13273b, 20, 4540  
12273b, 20, 4541  
181922, 20, 4542  
181922, 20, 4543  
191821, 20, 4544  
1c1721, 20, 4545  
d6211b, 20, 4546  
072341, 20, 4547  
08273b, 20, 4548  
063529, 20, 4549  
0e323b, 20, 4550  
113038, 20, 4551  
142b3b, 20, 4552  
0d1e30, 20, 4553  
0d2134, 20, 4554  
0f2032, 20, 4555  
0f1d2e, 20, 4556  
0c1c2e, 20, 4557  
0c1c2d, 20, 4558  
0c1c2d, 20, 4559  
1d2032, 20, 4560  
1d2031, 20, 4561  
1d2032, 20, 4562  
1d2033, 20, 4563  
1a1a29, 20, 4564  
1a1b29, 20, 4565  
1f1e2d, 20, 4566  
1e1e2e, 20, 4567  
1d1e2f, 20, 4568  
1d1e2e, 20, 4569  
1e1f2f, 20, 4570  
201f2e, 20, 4571  
0a1c2f, 20, 4572  
0a1c2e, 20, 4573  
111d2e, 20, 4574  
172333, 20, 4575  
19212a, 20, 4576  
18212a, 20, 4577  
1f222e, 20, 4578  
1e212b, 20, 4579  
1e202a, 20, 4580  
1c202b, 20, 4581  
1c202a, 20, 4582  
1c202b, 20, 4583  
1d222b, 20, 4584  
1d232b, 20, 4585  
113351, 20, 4586  
113351, 20, 4587  
133452, 20, 4588  
133553, 20, 4589  
091c31, 20, 4590  
091c31, 20, 4591  
091c31, 20, 4592  
091c31, 20, 4593  
07192b, 20, 4594  
071a2c, 20, 4595  
0a1a2b, 20, 4596  
08192b, 20, 4597  
0a1a2b, 20, 4598  
0a192a, 20, 4599  
0a1929, 20, 4600  
0f1e30, 20, 4601  
101d2b, 20, 4602  
101c2a, 20, 4603  
101b28, 20, 4604  
101d2a, 20, 4605  
15111f, 20, 4606  
0f131c, 20, 4607  
1b5678, 20, 4608  
18567a, 20, 4609  
19567a, 20, 4610  
29242b, 20, 4611  
2a242c, 20, 4612  
26242f, 20, 4613  
175475, 20, 4614  
185474, 20, 4615  
175374, 20, 4616  
185374, 20, 4617  
1b5676, 20, 4618  
165373, 20, 4619  
165273, 20, 4620  
040404, 20, 4621  
040404, 20, 4622  
040404, 20, 4623  
0c0705, 20, 4624  
2d6890, 20, 4625  
1f739a, 20, 4626  
49341f, 20, 4627  
1d1b24, 20, 4628  
162170, 20, 4629  
321a18, 20, 4630  
1e1b26, 20, 4631  
201b25, 20, 4632  
171725, 20, 4633  
36292b, 20, 4634  
3b2e2f, 20, 4635  
1d2e47, 20, 4636  
272c42, 20, 4637  
2b2d42, 20, 4638  
262d41, 20, 4639  
262e46, 20, 4640  
372231, 20, 4641  
3d2f23, 20, 4642  
352c36, 20, 4643  
3e2928, 20, 4644  
292220, 20, 4645  
3a2c2f, 20, 4646  
3c2612, 20, 4647  
262118, 20, 4648  
1d1d1a, 20, 4649  
cca382, 100, 4650  
a279b2, 100, 4651  
d1acbc, 100, 4652  
d1adbe, 100, 4653  
d3aec1, 100, 4654  
877eb9, 100, 4655  
877eb9, 100, 4656  
94649d, 20, 4657  
ed95d3, 100, 4658  
ed94d4, 100, 4659  
ba28d9, 20, 4660  
de76e4, 100, 4661  
c83ee1, 20, 4662  
ca41e2, 20, 4663  
cb43e3, 20, 4664  
4c1e80, 20, 4665  
471e73, 20, 4666  
521e7b, 20, 4667  
561e7f, 20, 4668  
dcae06, 100, 4669  
ddae06, 100, 4670  
ddae06, 100, 4671  
d9ba17, 100, 4672  
b86fce, 100, 4673  
b96fce, 100, 4674  
b86fce, 100, 4675  
b96fcf, 100, 4676  
196070, 20, 4677  
bf74d2, 100, 4678  
bd75d2, 100, 4679  
b46dce, 100, 4680  
a139aa, 20, 4681  
a139aa, 20, 4682  
a139aa, 20, 4683  
974bb0, 20, 4684  
e19a86, 100, 4685  
1cbde5, 100, 4686  
21a7de, 100, 4687  
1eaee1, 100, 4688  
299ede, 100, 4689  
11aee4, 100, 4690  
3990d7, 20, 4691  
3492dd, 20, 4692  
3493dd, 20, 4693  
3493dd, 20, 4694  
76a1cc, 100, 4695  
76a1cd, 100, 4696  
76a1cd, 100, 4697  
75a4da, 100, 4698  
75a9dc, 100, 4699  
76aadd, 100, 4700  
76aadc, 100, 4701  
7e6af4, 20, 4702  
d3b4f3, 100, 4703  
b68efa, 100, 4704  
b78efa, 100, 4705  
b38cf9, 100, 4706  
b38bf9, 100, 4707  
a679f6, 100, 4708  
a679f5, 100, 4709  
a579f6, 100, 4710  
e775e5, 100, 4711  
89a0fa, 100, 4712  
d876e4, 100, 4713  
c44bf2, 100, 4714  
e077eb, 100, 4715  
d172e3, 100, 4716  
d272e1, 100, 4717  
d271e0, 100, 4718  
d172e1, 100, 4719  
c06ed5, 100, 4720  
c585db, 100, 4721  
df68d7, 100, 4722  
bb4fe2, 100, 4723  
b14ae2, 20, 4724  
b192a8, 100, 4725  
4bd2d8, 100, 4726  
247d92, 20, 4727  
228094, 20, 4728  
e28bdc, 100, 4729  
dd8bdb, 100, 4730  
e8baec, 100, 4731  
e8b9ec, 100, 4732  
e8b9ec, 100, 4733  
e8b9ec, 100, 4734  
a87fa8, 100, 4735  
a87fa9, 100, 4736  
a880a9, 100, 4737  
a180a7, 100, 4738  
a080a7, 100, 4739  
b23dd9, 20, 4740  
b23dd9, 20, 4741  
b23dd8, 20, 4742  
9981d6, 100, 4743  
9882d6, 100, 4744  
897ad2, 100, 4745  
897bd2, 100, 4746  
b6b8e5, 100, 4747  
d1db83, 100, 4748  
c8da82, 100, 4749  
cfd984, 100, 4750  
a72863, 20, 4751  
cbb9ec, 100, 4752  
cbb9ec, 100, 4753  
cbb8ed, 100, 4754  
c1bce8, 100, 4755  
c1bde7, 100, 4756  
c1bee8, 100, 4757  
9dc6f1, 100, 4758  
c0bee6, 100, 4759  
c0bee7, 100, 4760  
4b47be, 20, 4761  
4b46bd, 20, 4762  
3c4dbb, 20, 4763  
4545b7, 20, 4764  
4545b7, 20, 4765  
4545b7, 20, 4766  
89f8f7, 100, 4767  
8bcbea, 100, 4768  
c3c9df, 100, 4769  
8ccce9, 100, 4770  
89c9e9, 100, 4771  
8bcbe9, 100, 4772  
8ccbe9, 100, 4773  
4432b4, 20, 4774  
452fb0, 20, 4775  
2438ba, 20, 4776  
7d3bb4, 20, 4777  
873eb2, 20, 4778  
863eb2, 20, 4779  
863eb2, 20, 4780  
863eb2, 20, 4781  
863eb3, 20, 4782  
873db3, 20, 4783  
b854a0, 20, 4784  
ca3082, 20, 4785  
cb2f81, 20, 4786  
ca2f81, 20, 4787  
ca3081, 20, 4788  
ca2f81, 20, 4789  
ca2f81, 20, 4790  
bf73ab, 100, 4791  
bd71b0, 100, 4792  
bd71b1, 100, 4793  
bd71b1, 100, 4794  
be72b1, 100, 4795  
602be1, 20, 4796  
5f2fe0, 20, 4797  
8750e0, 20, 4798  
804fdf, 20, 4799  
804fe0, 20, 4800  
a5ce80, 100, 4801  
a5ce81, 100, 4802  
c2d97f, 100, 4803  
df7aa0, 100, 4804  
de799f, 100, 4805  
de7a9f, 100, 4806  
de7a9f, 100, 4807  
867add, 100, 4808  
8779dc, 100, 4809  
cf98e9, 100, 4810  
cf99e9, 100, 4811  
cf98e9, 100, 4812  
b74bd9, 20, 4813  
b74bda, 20, 4814  
b74cd9, 20, 4815  
d281c3, 100, 4816  
d281c3, 100, 4817  
d281c2, 100, 4818  
c9928b, 100, 4819  
0bc368, 100, 4820  
0cb964, 20, 4821  
c46ac4, 100, 4822  
0daaa0, 20, 4823  
249cd6, 20, 4824  
249cd5, 20, 4825  
249cd5, 20, 4826  
fbd16d, 100, 4827  
c68697, 100, 4828  
9893d8, 100, 4829  
908acf, 100, 4830  
9087c9, 100, 4831  
9087ca, 100, 4832  
9087ca, 100, 4833  
9087ca, 100, 4834  
d0cbc4, 100, 4835  
cab9ca, 100, 4836  
c9b8c8, 100, 4837  
c9b8c9, 100, 4838  
6b98f6, 100, 4839  
6fa0f0, 100, 4840  
d4bac0, 100, 4841  
d3bac0, 100, 4842  
9689ef, 100, 4843  
9589f0, 100, 4844  
9588ef, 100, 4845  
9589f0, 100, 4846  
b341bf, 20, 4847  
803030, 20, 4848  
a13bd2, 20, 4849  
6f40c5, 20, 4850  
040404, 20, 4851  
040404, 20, 4852  
040404, 20, 4853  
040404, 20, 4854  
040404, 20, 4855  
040404, 20, 4856  
040404, 20, 4857  
040404, 20, 4858  
040404, 20, 4859  
040404, 20, 4860  
040404, 20, 4861  
040404, 20, 4862  
040404, 20, 4863  
040404, 20, 4864  
040404, 20, 4865  
040404, 20, 4866  
040404, 20, 4867  
040404, 20, 4868  
040404, 20, 4869  
040404, 20, 4870  
040404, 20, 4871  
040404, 20, 4872  
040404, 20, 4873  
040404, 20, 4874  
040404, 20, 4875  
040404, 20, 4876  
040404, 20, 4877  
040404, 20, 4878  
040404, 20, 4879  
040404, 20, 4880  
040404, 20, 4881  
040404, 20, 4882  
040404, 20, 4883  
040404, 20, 4884  
040404, 20, 4885  
040404, 20, 4886  
040404, 20, 4887  
040404, 20, 4888  
040404, 20, 4889  
040404, 20, 4890  
040404, 20, 4891  
040404, 20, 4892  
040404, 20, 4893  
040404, 20, 4894  
040404, 20, 4895  
040404, 20, 4896  
040404, 20, 4897  
040404, 20, 4898  
040404, 20, 4899  
040404, 20, 4900  
040404, 20, 4901  
040404, 20, 4902  
040404, 20, 4903  
040404, 20, 4904  
040404, 20, 4905  
040404, 20, 4906  
040404, 20, 4907  
040404, 20, 4908  
040404, 20, 4909  
040404, 20, 4910  
040404, 20, 4911  
040404, 20, 4912  
040404, 20, 4913  
040404, 20, 4914  
040404, 20, 4915  
040404, 20, 4916  
040404, 20, 4917  
040404, 20, 4918  
040404, 20, 4919  
040404, 20, 4920  
040404, 20, 4921  
040404, 20, 4922  
040404, 20, 4923  
040404, 20, 4924  
040404, 20, 4925  
040404, 20, 4926  
040404, 20, 4927  
040404, 20, 4928  
040404, 20, 4929  
050505, 20, 4930  
040404, 20, 4931  
040404, 20, 4932  
040404, 20, 4933  
040404, 20, 4934  
040404, 20, 4935  
040404, 20, 4936  
040404, 20, 4937  
050505, 20, 4938  
050505, 20, 4939  
050505, 20, 4940  
040404, 20, 4941  
050505, 20, 4942  
050505, 20, 4943  
050505, 20, 4944  
050505, 20, 4945  
050505, 20, 4946  
050505, 20, 4947  
050505, 20, 4948  
cbcbcb, 100, 4949  
050505, 20, 4950  
cacaca, 100, 4951  
050505, 20, 4952  
050505, 20, 4953  
d0d0d0, 100, 4954  
050505, 20, 4955  
050505, 20, 4956  
cacaca, 100, 4957  
050505, 20, 4958  
050505, 20, 4959  
050505, 20, 4960  
050505, 20, 4961  
050505, 20, 4962  
050505, 20, 4963  
040404, 20, 4964  
040404, 20, 4965  
040404, 20, 4966  
040404, 20, 4967  
040404, 20, 4968  
040404, 20, 4969  
040404, 20, 4970  
040404, 20, 4971  
040404, 20, 4972  
040404, 20, 4973  
040404, 20, 4974  
040404, 20, 4975  
050505, 20, 4976  
050505, 20, 4977  
050505, 20, 4978  
050505, 20, 4979  
050505, 20, 4980  
050505, 20, 4981  
050505, 20, 4982  
050505, 20, 4983  
050505, 20, 4984  
050505, 20, 4985  
050505, 20, 4986  
050505, 20, 4987  
050505, 20, 4988  
050505, 20, 4989  
050505, 20, 4990  
050505, 20, 4991  
040404, 20, 4992  
050505, 20, 4993  
050505, 20, 4994  
040404, 20, 4995  
050505, 20, 4996  
050505, 20, 4997  
050505, 20, 4998  
050505, 20, 4999  
050505, 20, 5000  
050505, 20, 5001  
050505, 20, 5002  
050505, 20, 5003  
050505, 20, 5004  
040404, 20, 5005  
050505, 20, 5006  
050505, 20, 5007  
040404, 20, 5008  
050505, 20, 5009  
050505, 20, 5010  
050505, 20, 5011  
040404, 20, 5012  
040404, 20, 5013  
040404, 20, 5014  
040404, 20, 5015  
040404, 20, 5016  
040404, 20, 5017  
040404, 20, 5018  
040404, 20, 5019  
040404, 20, 5020  
040404, 20, 5021  
040404, 20, 5022  
040404, 20, 5023  
040404, 20, 5024  
040404, 20, 5025  
040404, 20, 5026  
040404, 20, 5027  
040404, 20, 5028  
040404, 20, 5029  
040404, 20, 5030  
040404, 20, 5031  
040404, 20, 5032  
040404, 20, 5033  
040404, 20, 5034  
040404, 20, 5035  
040404, 20, 5036  
040404, 20, 5037  
040404, 20, 5038  
040404, 20, 5039  
040404, 20, 5040  
040404, 20, 5041  
040404, 20, 5042  
040404, 20, 5043  
040404, 20, 5044  
040404, 20, 5045  
040404, 20, 5046  
040404, 20, 5047  
040404, 20, 5048  
040404, 20, 5049  
040404, 20, 5050  
040404, 20, 5051  
040404, 20, 5052  
040404, 20, 5053  
040404, 20, 5054  
040404, 20, 5055  
040404, 20, 5056  
040404, 20, 5057  
040404, 20, 5058  
040404, 20, 5059  
040404, 20, 5060  
040404, 20, 5061  
040404, 20, 5062  
040404, 20, 5063  
040404, 20, 5064  
040404, 20, 5065  
040404, 20, 5066  
050505, 20, 5067  
040404, 20, 5068  
040404, 20, 5069  
040404, 20, 5070  
040404, 20, 5071  
040404, 20, 5072  
040404, 20, 5073  
040404, 20, 5074  
040404, 20, 5075  
040404, 20, 5076  
040404, 20, 5077  
050505, 20, 5078  
050505, 20, 5079  
050505, 20, 5080  
050505, 20, 5081  
050505, 20, 5082  
050505, 20, 5083  
050505, 20, 5084  
050505, 20, 5085  
050505, 20, 5086  
050505, 20, 5087  
050505, 20, 5088  
050505, 20, 5089  
050505, 20, 5090  
040404, 20, 5091  
040404, 20, 5092  
040404, 20, 5093  
040404, 20, 5094  
040404, 20, 5095  
040404, 20, 5096  
040404, 20, 5097  
040404, 20, 5098  
040404, 20, 5099  
050505, 20, 5100  
040404, 20, 5101  
040404, 20, 5102  
050505, 20, 5103  
040404, 20, 5104  
040404, 20, 5105  
040404, 20, 5106  
040404, 20, 5107  
040404, 20, 5108  
040404, 20, 5109  
040404, 20, 5110  
040404, 20, 5111  
040404, 20, 5112  
040404, 20, 5113  
040404, 20, 5114  
040404, 20, 5115  
040404, 20, 5116  
040404, 20, 5117  
040404, 20, 5118  
040404, 20, 5119  
040404, 20, 5120  
040404, 20, 5121  
040404, 20, 5122  
040404, 20, 5123  
040404, 20, 5124  
040404, 20, 5125  
040404, 20, 5126  
040404, 20, 5127  
040404, 20, 5128  
040404, 20, 5129  
040404, 20, 5130  
040404, 20, 5131  
040404, 20, 5132  
040404, 20, 5133  
040404, 20, 5134  
040404, 20, 5135  
040404, 20, 5136  
040404, 20, 5137  
040404, 20, 5138  
040404, 20, 5139  
040404, 20, 5140  
040404, 20, 5141  
040404, 20, 5142  
040404, 20, 5143  
040404, 20, 5144  
040404, 20, 5145  
040404, 20, 5146  
040404, 20, 5147  
040404, 20, 5148  
040404, 20, 5149  
040404, 20, 5150  
040404, 20, 5151  
040404, 20, 5152  
040404, 20, 5153  
040404, 20, 5154  
040404, 20, 5155  
040404, 20, 5156  
040404, 20, 5157  
040404, 20, 5158  
040404, 20, 5159  
040404, 20, 5160  
040404, 20, 5161  
040404, 20, 5162  
040404, 20, 5163  
040404, 20, 5164  
040404, 20, 5165  
040404, 20, 5166  
040404, 20, 5167  
040404, 20, 5168  
050505, 20, 5169  
050505, 20, 5170  
050505, 20, 5171  
050505, 20, 5172  
050505, 20, 5173  
040404, 20, 5174  
040404, 20, 5175  
040404, 20, 5176  
040404, 20, 5177  
040404, 20, 5178  
040404, 20, 5179  
040404, 20, 5180  
040404, 20, 5181  
040404, 20, 5182  
040404, 20, 5183  
040404, 20, 5184  
040404, 20, 5185  
040404, 20, 5186  
040404, 20, 5187  
040404, 20, 5188  
040404, 20, 5189  
040404, 20, 5190  
040404, 20, 5191  
040404, 20, 5192  
040404, 20, 5193  
040404, 20, 5194  
040404, 20, 5195  
040404, 20, 5196  
040404, 20, 5197  
040404, 20, 5198  
040404, 20, 5199  
040404, 20, 5200  
040404, 20, 5201  
040404, 20, 5202  
040404, 20, 5203  
040404, 20, 5204  
040404, 20, 5205  
040404, 20, 5206  
040404, 20, 5207  
040404, 20, 5208  
040404, 20, 5209  
040404, 20, 5210  
040404, 20, 5211  
040404, 20, 5212  
040404, 20, 5213  
040404, 20, 5214  
040404, 20, 5215  
040404, 20, 5216  
040404, 20, 5217  
040404, 20, 5218  
040404, 20, 5219  
040404, 20, 5220  
040404, 20, 5221  
dedede, 100, 5222  
040404, 20, 5223  
040404, 20, 5224  
040404, 20, 5225  
040404, 20, 5226  
040404, 20, 5227  
040404, 20, 5228  
040404, 20, 5229  
040404, 20, 5230  
040404, 20, 5231  
040404, 20, 5232  
040404, 20, 5233  
040404, 20, 5234  
040404, 20, 5235  
040404, 20, 5236  
040404, 20, 5237  
040404, 20, 5238  
040404, 20, 5239  
040404, 20, 5240  
040404, 20, 5241  
040404, 20, 5242  
040404, 20, 5243  
d16c43, 100, 5244  
ca643c, 20, 5245  
040404, 20, 5246  
040404, 20, 5247  
040506, 20, 5248  
040507, 20, 5249  
040507, 20, 5250  
040404, 20, 5251  
